-- phpMyAdmin SQL Dump
-- version 3.5.1
-- http://www.phpmyadmin.net
--
-- Servidor: localhost
-- Tiempo de generación: 24-05-2014 a las 17:10:32
-- Versión del servidor: 5.5.24-log
-- Versión de PHP: 5.3.13

SET SQL_MODE="NO_AUTO_VALUE_ON_ZERO";
SET time_zone = "+00:00";


/*!40101 SET @OLD_CHARACTER_SET_CLIENT=@@CHARACTER_SET_CLIENT */;
/*!40101 SET @OLD_CHARACTER_SET_RESULTS=@@CHARACTER_SET_RESULTS */;
/*!40101 SET @OLD_COLLATION_CONNECTION=@@COLLATION_CONNECTION */;
/*!40101 SET NAMES utf8 */;

--
-- Base de datos: `lfp`
--

-- --------------------------------------------------------

--
-- Estructura de tabla para la tabla `acta`
--

CREATE TABLE IF NOT EXISTS `acta` (
  `IDActa` int(20) NOT NULL AUTO_INCREMENT,
  `Temporada` int(11) NOT NULL,
  `NumeroJornada` int(20) NOT NULL,
  `NombreEstadio` varchar(20) COLLATE utf8mb4_spanish2_ci NOT NULL,
  `NombreEquipoLocal` varchar(20) COLLATE utf8mb4_spanish2_ci NOT NULL,
  `NombreEquipoVisitante` varchar(20) COLLATE utf8mb4_spanish2_ci NOT NULL,
  `GolesLocal` int(11) NOT NULL DEFAULT '0',
  `GolesVisitante` int(11) NOT NULL DEFAULT '0',
  `NumeroColegiado` int(20) NOT NULL,
  `FechaPartido` varchar(20) COLLATE utf8mb4_spanish2_ci NOT NULL,
  PRIMARY KEY (`IDActa`),
  KEY `NombreEstadio` (`NombreEstadio`,`NombreEquipoLocal`,`NombreEquipoVisitante`,`NumeroColegiado`),
  KEY `NombreEquipoLocal` (`NombreEquipoLocal`),
  KEY `NombreEquipoVisitante` (`NombreEquipoVisitante`),
  KEY `NumeroColegiado` (`NumeroColegiado`)
) ENGINE=InnoDB  DEFAULT CHARSET=utf8mb4 COLLATE=utf8mb4_spanish2_ci AUTO_INCREMENT=1566 ;

--
-- Volcado de datos para la tabla `acta`
--

INSERT INTO `acta` (`IDActa`, `Temporada`, `NumeroJornada`, `NombreEstadio`, `NombreEquipoLocal`, `NombreEquipoVisitante`, `GolesLocal`, `GolesVisitante`, `NumeroColegiado`, `FechaPartido`) VALUES
(1, 2013, 22, 'La rosaleda', 'Málaga', 'Real Madrid', 0, 0, 222333, ''),
(2, 2013, 22, 'Mestalla', 'Valencia', 'Real Sociedad', 0, 0, 456721, ''),
(3, 2013, 23, 'Camp Nou', 'Barcelona', 'Valencia', 0, 0, 456722, ''),
(4, 2013, 23, 'Anoeta', 'Real Sociedad', 'Getafe', 0, 0, 333222, ''),
(5, 2013, 23, 'La rosaleda', 'Málaga', 'Real Madrid', 0, 0, 111222, ''),
(6, 2012, 38, 'Santiago Bernabeu', 'Real Madrid', 'Osasuna', 4, 2, 0, '01/06/2013'),
(7, 2012, 38, 'Camp Nou', 'Barcelona', 'Málaga', 4, 1, 0, '01/06/2013'),
(8, 2012, 38, 'Desconocido', 'Granada', 'Getafe', 2, 0, 0, '01/06/2013'),
(9, 2012, 38, 'Desconocido', 'Sevilla', 'Valencia', 4, 3, 0, '01/06/2013'),
(10, 2012, 38, 'Desconocido', 'Deportivo de La Coru', 'Real Sociedad', 0, 1, 0, '01/06/2013'),
(11, 2012, 38, 'Desconocido', 'Celta de Vigo', 'Espanyol', 1, 0, 0, '01/06/2013'),
(12, 2012, 38, 'Desconocido', 'Mallorca', 'Valladolid', 4, 2, 0, '01/06/2013'),
(13, 2012, 38, 'Desconocido', 'Real Zaragoza', 'Atlético de Madrid', 1, 3, 0, '01/06/2013'),
(14, 2012, 38, 'Desconocido', 'Levante', 'Betis', 1, 1, 0, '01/06/2013'),
(15, 2012, 38, 'Desconocido', 'Rayo Vallecano', 'Athletic Club', 2, 2, 0, '01/06/2013'),
(16, 2012, 1, 'Desconocido', 'Celta de Vigo', 'Málaga', 0, 1, 0, '18/08/2012'),
(17, 2012, 1, 'Desconocido', 'Sevilla', 'Getafe', 2, 1, 0, '18/08/2012'),
(18, 2012, 1, 'Desconocido', 'Mallorca', 'Espanyol', 2, 1, 0, '18/08/2012'),
(19, 2012, 1, 'Desconocido', 'Athletic Club', 'Betis', 3, 5, 0, '19/08/2012'),
(20, 2012, 1, 'Santiago Bernabeu', 'Real Madrid', 'Valencia', 1, 1, 0, '19/08/2012'),
(21, 2012, 1, 'Camp Nou', 'Barcelona', 'Real Sociedad', 5, 1, 0, '19/08/2012'),
(22, 2012, 1, 'Desconocido', 'Levante', 'Atlético de Madrid', 1, 1, 0, '19/08/2012'),
(23, 2012, 1, 'Desconocido', 'Deportivo de La Coru', 'Osasuna', 2, 0, 0, '20/08/2012'),
(24, 2012, 1, 'Desconocido', 'Rayo Vallecano', 'Granada', 1, 0, 0, '20/08/2012'),
(25, 2012, 1, 'Desconocido', 'Real Zaragoza', 'Valladolid', 0, 1, 0, '20/08/2012'),
(26, 2012, 2, 'Desconocido', 'Real Sociedad', 'Celta de Vigo', 2, 1, 0, '25/08/2012'),
(27, 2012, 2, 'Desconocido', 'Betis', 'Rayo Vallecano', 1, 2, 0, '25/08/2012'),
(28, 2012, 2, 'Desconocido', 'Espanyol', 'Real Zaragoza', 1, 2, 0, '25/08/2012'),
(29, 2012, 2, 'Desconocido', 'Málaga', 'Mallorca', 1, 1, 0, '25/08/2012'),
(30, 2012, 2, 'Desconocido', 'Osasuna', 'Barcelona', 1, 2, 0, '26/08/2012'),
(31, 2012, 2, 'Desconocido', 'Getafe', 'Real Madrid', 2, 1, 0, '26/08/2012'),
(32, 2012, 2, 'Desconocido', 'Granada', 'Sevilla', 1, 1, 0, '26/08/2012'),
(33, 2012, 2, 'Desconocido', 'Valencia', 'Deportivo de La Coru', 3, 3, 0, '26/08/2012'),
(34, 2012, 2, 'Desconocido', 'Valladolid', 'Levante', 2, 0, 0, '27/08/2012'),
(35, 2012, 2, 'Desconocido', 'Atlético de Madrid', 'Athletic Club', 4, 0, 0, '27/08/2012'),
(36, 2012, 3, 'Desconocido', 'Celta de Vigo', 'Osasuna', 2, 0, 0, '01/09/2012'),
(37, 2012, 3, 'Desconocido', 'Real Zaragoza', 'Málaga', 0, 1, 0, '01/09/2012'),
(38, 2012, 3, 'Desconocido', 'Deportivo de La Coru', 'Getafe', 1, 1, 0, '01/09/2012'),
(39, 2012, 3, 'Desconocido', 'Mallorca', 'Real Sociedad', 1, 0, 0, '01/09/2012'),
(40, 2012, 3, 'Desconocido', 'Rayo Vallecano', 'Sevilla', 0, 0, 0, '02/09/2012'),
(41, 2012, 3, 'Desconocido', 'Athletic Club', 'Valladolid', 2, 0, 0, '02/09/2012'),
(42, 2012, 3, 'Desconocido', 'Levante', 'Espanyol', 3, 2, 0, '02/09/2012'),
(43, 2012, 3, 'Santiago Bernabeu', 'Real Madrid', 'Granada', 3, 0, 0, '02/09/2012'),
(44, 2012, 3, 'Camp Nou', 'Barcelona', 'Valencia', 1, 0, 0, '02/09/2012'),
(45, 2012, 3, 'Desconocido', 'Betis', 'Atlético de Madrid', 2, 4, 0, '26/09/2012'),
(46, 2012, 4, 'Desconocido', 'Málaga', 'Levante', 3, 1, 0, '15/09/2012'),
(47, 2012, 4, 'Desconocido', 'Valencia', 'Celta de Vigo', 2, 1, 0, '15/09/2012'),
(48, 2012, 4, 'Desconocido', 'Getafe', 'Barcelona', 1, 4, 0, '15/09/2012'),
(49, 2012, 4, 'Desconocido', 'Sevilla', 'Real Madrid', 1, 0, 0, '15/09/2012'),
(50, 2012, 4, 'Desconocido', 'Espanyol', 'Athletic Club', 3, 3, 0, '16/09/2012'),
(51, 2012, 4, 'Desconocido', 'Granada', 'Deportivo de La Coru', 1, 1, 0, '16/09/2012'),
(52, 2012, 4, 'Desconocido', 'Osasuna', 'Mallorca', 1, 1, 0, '16/09/2012'),
(53, 2012, 4, 'Desconocido', 'Real Sociedad', 'Real Zaragoza', 2, 0, 0, '16/09/2012'),
(54, 2012, 4, 'Desconocido', 'Atlético de Madrid', 'Rayo Vallecano', 4, 3, 0, '16/09/2012'),
(55, 2012, 4, 'Desconocido', 'Valladolid', 'Betis', 0, 1, 0, '17/09/2012'),
(56, 2012, 5, 'Desconocido', 'Real Zaragoza', 'Osasuna', 3, 1, 0, '22/09/2012'),
(57, 2012, 5, 'Desconocido', 'Celta de Vigo', 'Getafe', 2, 1, 0, '22/09/2012'),
(58, 2012, 5, 'Desconocido', 'Betis', 'Espanyol', 1, 0, 0, '22/09/2012'),
(59, 2012, 5, 'Camp Nou', 'Barcelona', 'Granada', 2, 0, 0, '22/09/2012'),
(60, 2012, 5, 'Desconocido', 'Mallorca', 'Valencia', 2, 0, 0, '23/09/2012'),
(61, 2012, 5, 'Desconocido', 'Levante', 'Real Sociedad', 2, 1, 0, '23/09/2012'),
(62, 2012, 5, 'Desconocido', 'Atlético de Madrid', 'Valladolid', 2, 1, 0, '23/09/2012'),
(63, 2012, 5, 'Desconocido', 'Athletic Club', 'Málaga', 0, 0, 0, '23/09/2012'),
(64, 2012, 5, 'Desconocido', 'Rayo Vallecano', 'Real Madrid', 0, 2, 0, '24/09/2012'),
(65, 2012, 5, 'Desconocido', 'Deportivo de La Coru', 'Sevilla', 0, 2, 0, '24/09/2012'),
(66, 2012, 6, 'Desconocido', 'Valencia', 'Real Zaragoza', 2, 0, 0, '29/09/2012'),
(67, 2012, 6, 'Desconocido', 'Málaga', 'Betis', 4, 0, 0, '29/09/2012'),
(68, 2012, 6, 'Desconocido', 'Real Sociedad', 'Athletic Club', 2, 0, 0, '29/09/2012'),
(69, 2012, 6, 'Desconocido', 'Sevilla', 'Barcelona', 2, 3, 0, '29/09/2012'),
(70, 2012, 6, 'Desconocido', 'Granada', 'Celta de Vigo', 2, 1, 0, '30/09/2012'),
(71, 2012, 6, 'Desconocido', 'Valladolid', 'Rayo Vallecano', 6, 1, 0, '30/09/2012'),
(72, 2012, 6, 'Desconocido', 'Osasuna', 'Levante', 4, 0, 0, '30/09/2012'),
(73, 2012, 6, 'Santiago Bernabeu', 'Real Madrid', 'Deportivo de La Coru', 5, 1, 0, '30/09/2012'),
(74, 2012, 6, 'Desconocido', 'Espanyol', 'Atlético de Madrid', 0, 1, 0, '30/09/2012'),
(75, 2012, 6, 'Desconocido', 'Getafe', 'Mallorca', 1, 0, 0, '01/10/2012'),
(76, 2012, 7, 'Desconocido', 'Celta de Vigo', 'Sevilla', 2, 0, 0, '05/10/2012'),
(77, 2012, 7, 'Desconocido', 'Rayo Vallecano', 'Deportivo de La Coru', 2, 1, 0, '06/10/2012'),
(78, 2012, 7, 'Desconocido', 'Real Zaragoza', 'Getafe', 0, 1, 0, '06/10/2012'),
(79, 2012, 7, 'Desconocido', 'Valladolid', 'Espanyol', 1, 1, 0, '06/10/2012'),
(80, 2012, 7, 'Desconocido', 'Betis', 'Real Sociedad', 2, 0, 0, '06/10/2012'),
(81, 2012, 7, 'Desconocido', 'Levante', 'Valencia', 1, 0, 0, '07/10/2012'),
(82, 2012, 7, 'Desconocido', 'Mallorca', 'Granada', 1, 2, 0, '07/10/2012'),
(83, 2012, 7, 'Desconocido', 'Athletic Club', 'Osasuna', 1, 0, 0, '07/10/2012'),
(84, 2012, 7, 'Camp Nou', 'Barcelona', 'Real Madrid', 2, 2, 0, '07/10/2012'),
(85, 2012, 7, 'Desconocido', 'Atlético de Madrid', 'Málaga', 2, 1, 0, '07/10/2012'),
(86, 2012, 8, 'Desconocido', 'Málaga', 'Valladolid', 2, 1, 0, '20/10/2012'),
(87, 2012, 8, 'Santiago Bernabeu', 'Real Madrid', 'Celta de Vigo', 2, 0, 0, '20/10/2012'),
(88, 2012, 8, 'Desconocido', 'Valencia', 'Athletic Club', 3, 2, 0, '20/10/2012'),
(89, 2012, 8, 'Desconocido', 'Deportivo de La Coru', 'Barcelona', 4, 5, 0, '20/10/2012'),
(90, 2012, 8, 'Desconocido', 'Getafe', 'Levante', 0, 1, 0, '21/10/2012'),
(91, 2012, 8, 'Desconocido', 'Espanyol', 'Rayo Vallecano', 3, 2, 0, '21/10/2012'),
(92, 2012, 8, 'Desconocido', 'Granada', 'Real Zaragoza', 1, 2, 0, '21/10/2012'),
(93, 2012, 8, 'Desconocido', 'Osasuna', 'Betis', 0, 0, 0, '21/10/2012'),
(94, 2012, 8, 'Desconocido', 'Real Sociedad', 'Atlético de Madrid', 0, 1, 0, '21/10/2012'),
(95, 2012, 8, 'Desconocido', 'Sevilla', 'Mallorca', 3, 2, 0, '22/10/2012'),
(96, 2012, 9, 'Desconocido', 'Espanyol', 'Málaga', 0, 0, 0, '27/10/2012'),
(97, 2012, 9, 'Desconocido', 'Betis', 'Valencia', 1, 0, 0, '27/10/2012'),
(98, 2012, 9, 'Desconocido', 'Celta de Vigo', 'Deportivo de La Coru', 1, 1, 0, '27/10/2012'),
(99, 2012, 9, 'Desconocido', 'Rayo Vallecano', 'Barcelona', 0, 5, 0, '27/10/2012'),
(100, 2012, 9, 'Desconocido', 'Real Zaragoza', 'Sevilla', 2, 1, 0, '28/10/2012'),
(101, 2012, 9, 'Desconocido', 'Levante', 'Granada', 3, 1, 0, '28/10/2012'),
(102, 2012, 9, 'Desconocido', 'Athletic Club', 'Getafe', 1, 2, 0, '28/10/2012'),
(103, 2012, 9, 'Desconocido', 'Atlético de Madrid', 'Osasuna', 3, 1, 0, '28/10/2012'),
(104, 2012, 9, 'Desconocido', 'Mallorca', 'Real Madrid', 0, 5, 0, '28/10/2012'),
(105, 2012, 9, 'Desconocido', 'Valladolid', 'Real Sociedad', 2, 2, 0, '29/10/2012'),
(106, 2012, 10, 'Desconocido', 'Málaga', 'Rayo Vallecano', 1, 2, 0, '03/11/2012'),
(107, 2012, 10, 'Camp Nou', 'Barcelona', 'Celta de Vigo', 3, 1, 0, '03/11/2012'),
(108, 2012, 10, 'Santiago Bernabeu', 'Real Madrid', 'Real Zaragoza', 4, 0, 0, '03/11/2012'),
(109, 2012, 10, 'Desconocido', 'Valencia', 'Atlético de Madrid', 2, 0, 0, '03/11/2012'),
(110, 2012, 10, 'Desconocido', 'Real Sociedad', 'Espanyol', 0, 1, 0, '04/11/2012'),
(111, 2012, 10, 'Desconocido', 'Deportivo de La Coru', 'Mallorca', 1, 0, 0, '04/11/2012'),
(112, 2012, 10, 'Desconocido', 'Osasuna', 'Valladolid', 0, 1, 0, '04/11/2012'),
(113, 2012, 10, 'Desconocido', 'Granada', 'Athletic Club', 1, 2, 0, '04/11/2012'),
(114, 2012, 10, 'Desconocido', 'Sevilla', 'Levante', 0, 0, 0, '04/11/2012'),
(115, 2012, 10, 'Desconocido', 'Getafe', 'Betis', 2, 4, 0, '05/11/2012'),
(116, 2012, 11, 'Desconocido', 'Betis', 'Granada', 1, 2, 0, '09/11/2012'),
(117, 2012, 11, 'Desconocido', 'Rayo Vallecano', 'Celta de Vigo', 3, 2, 0, '10/11/2012'),
(118, 2012, 11, 'Desconocido', 'Espanyol', 'Osasuna', 0, 3, 0, '10/11/2012'),
(119, 2012, 11, 'Desconocido', 'Real Zaragoza', 'Deportivo de La Coru', 5, 3, 0, '10/11/2012'),
(120, 2012, 11, 'Desconocido', 'Málaga', 'Real Sociedad', 1, 2, 0, '10/11/2012'),
(121, 2012, 11, 'Desconocido', 'Valladolid', 'Valencia', 1, 1, 0, '11/11/2012'),
(122, 2012, 11, 'Desconocido', 'Athletic Club', 'Sevilla', 2, 1, 0, '11/11/2012'),
(123, 2012, 11, 'Desconocido', 'Mallorca', 'Barcelona', 2, 4, 0, '11/11/2012'),
(124, 2012, 11, 'Desconocido', 'Atlético de Madrid', 'Getafe', 2, 0, 0, '11/11/2012'),
(125, 2012, 11, 'Desconocido', 'Levante', 'Real Madrid', 1, 2, 0, '11/11/2012'),
(126, 2012, 12, 'Desconocido', 'Osasuna', 'Málaga', 0, 0, 0, '17/11/2012'),
(127, 2012, 12, 'Desconocido', 'Valencia', 'Espanyol', 2, 1, 0, '17/11/2012'),
(128, 2012, 12, 'Camp Nou', 'Barcelona', 'Real Zaragoza', 3, 1, 0, '17/11/2012'),
(129, 2012, 12, 'Santiago Bernabeu', 'Real Madrid', 'Athletic Club', 5, 1, 0, '17/11/2012'),
(130, 2012, 12, 'Desconocido', 'Deportivo de La Coru', 'Levante', 0, 2, 0, '18/11/2012'),
(131, 2012, 12, 'Desconocido', 'Celta de Vigo', 'Mallorca', 1, 1, 0, '18/11/2012'),
(132, 2012, 12, 'Desconocido', 'Getafe', 'Valladolid', 2, 1, 0, '18/11/2012'),
(133, 2012, 12, 'Desconocido', 'Granada', 'Atlético de Madrid', 0, 1, 0, '18/11/2012'),
(134, 2012, 12, 'Desconocido', 'Sevilla', 'Betis', 5, 1, 0, '18/11/2012'),
(135, 2012, 12, 'Desconocido', 'Real Sociedad', 'Rayo Vallecano', 4, 0, 0, '19/11/2012'),
(136, 2012, 13, 'Desconocido', 'Real Sociedad', 'Osasuna', 0, 0, 0, '23/11/2012'),
(137, 2012, 13, 'Desconocido', 'Rayo Vallecano', 'Mallorca', 2, 0, 0, '24/11/2012'),
(138, 2012, 13, 'Desconocido', 'Valladolid', 'Granada', 1, 0, 0, '24/11/2012'),
(139, 2012, 13, 'Desconocido', 'Málaga', 'Valencia', 4, 0, 0, '24/11/2012'),
(140, 2012, 13, 'Desconocido', 'Betis', 'Real Madrid', 1, 0, 0, '24/11/2012'),
(141, 2012, 13, 'Desconocido', 'Espanyol', 'Getafe', 0, 2, 0, '25/11/2012'),
(142, 2012, 13, 'Desconocido', 'Athletic Club', 'Deportivo de La Coru', 1, 1, 0, '25/11/2012'),
(143, 2012, 13, 'Desconocido', 'Atlético de Madrid', 'Sevilla', 4, 0, 0, '25/11/2012'),
(144, 2012, 13, 'Desconocido', 'Levante', 'Barcelona', 0, 4, 0, '25/11/2012'),
(145, 2012, 13, 'Desconocido', 'Real Zaragoza', 'Celta de Vigo', 0, 1, 0, '26/11/2012'),
(146, 2012, 14, 'Desconocido', 'Osasuna', 'Rayo Vallecano', 1, 0, 0, '30/11/2012'),
(147, 2012, 14, 'Desconocido', 'Getafe', 'Málaga', 1, 0, 0, '01/12/2012'),
(148, 2012, 14, 'Desconocido', 'Valencia', 'Real Sociedad', 2, 5, 0, '01/12/2012'),
(149, 2012, 14, 'Camp Nou', 'Barcelona', 'Athletic Club', 5, 1, 0, '01/12/2012'),
(150, 2012, 14, 'Santiago Bernabeu', 'Real Madrid', 'Atlético de Madrid', 2, 0, 0, '01/12/2012'),
(151, 2012, 14, 'Desconocido', 'Granada', 'Espanyol', 0, 0, 0, '02/12/2012'),
(152, 2012, 14, 'Desconocido', 'Deportivo de La Coru', 'Betis', 2, 3, 0, '02/12/2012'),
(153, 2012, 14, 'Desconocido', 'Celta de Vigo', 'Levante', 1, 1, 0, '02/12/2012'),
(154, 2012, 14, 'Desconocido', 'Mallorca', 'Real Zaragoza', 1, 1, 0, '02/12/2012'),
(155, 2012, 14, 'Desconocido', 'Sevilla', 'Valladolid', 1, 2, 0, '03/12/2012'),
(156, 2012, 15, 'Desconocido', 'Espanyol', 'Sevilla', 2, 2, 0, '07/12/2012'),
(157, 2012, 15, 'Desconocido', 'Real Sociedad', 'Getafe', 1, 1, 0, '08/12/2012'),
(158, 2012, 15, 'Desconocido', 'Málaga', 'Granada', 4, 0, 0, '08/12/2012'),
(159, 2012, 15, 'Desconocido', 'Valladolid', 'Real Madrid', 2, 3, 0, '08/12/2012'),
(160, 2012, 15, 'Desconocido', 'Osasuna', 'Valencia', 0, 1, 0, '08/12/2012'),
(161, 2012, 15, 'Desconocido', 'Levante', 'Mallorca', 4, 0, 0, '09/12/2012'),
(162, 2012, 15, 'Desconocido', 'Athletic Club', 'Celta de Vigo', 1, 0, 0, '09/12/2012'),
(163, 2012, 15, 'Desconocido', 'Atlético de Madrid', 'Deportivo de La Coru', 6, 0, 0, '09/12/2012'),
(164, 2012, 15, 'Desconocido', 'Betis', 'Barcelona', 1, 2, 0, '09/12/2012'),
(165, 2012, 15, 'Desconocido', 'Rayo Vallecano', 'Real Zaragoza', 0, 2, 0, '10/12/2012'),
(166, 2012, 16, 'Desconocido', 'Getafe', 'Osasuna', 1, 1, 0, '15/12/2012'),
(167, 2012, 16, 'Desconocido', 'Mallorca', 'Athletic Club', 0, 1, 0, '15/12/2012'),
(168, 2012, 16, 'Desconocido', 'Granada', 'Real Sociedad', 0, 0, 0, '15/12/2012'),
(169, 2012, 16, 'Desconocido', 'Sevilla', 'Málaga', 0, 2, 0, '15/12/2012'),
(170, 2012, 16, 'Desconocido', 'Real Zaragoza', 'Levante', 0, 1, 0, '16/12/2012'),
(171, 2012, 16, 'Desconocido', 'Valencia', 'Rayo Vallecano', 0, 1, 0, '16/12/2012'),
(172, 2012, 16, 'Santiago Bernabeu', 'Real Madrid', 'Espanyol', 2, 2, 0, '16/12/2012'),
(173, 2012, 16, 'Camp Nou', 'Barcelona', 'Atlético de Madrid', 4, 1, 0, '16/12/2012'),
(174, 2012, 16, 'Desconocido', 'Deportivo de La Coru', 'Valladolid', 0, 0, 0, '17/12/2012'),
(175, 2012, 16, 'Desconocido', 'Celta de Vigo', 'Betis', 0, 1, 0, '17/12/2012'),
(176, 2012, 17, 'Desconocido', 'Rayo Vallecano', 'Levante', 3, 0, 0, '20/12/2012'),
(177, 2012, 17, 'Desconocido', 'Real Sociedad', 'Sevilla', 2, 1, 0, '20/12/2012'),
(178, 2012, 17, 'Desconocido', 'Espanyol', 'Deportivo de La Coru', 2, 0, 0, '20/12/2012'),
(179, 2012, 17, 'Desconocido', 'Valencia', 'Getafe', 4, 2, 0, '21/12/2012'),
(180, 2012, 17, 'Desconocido', 'Atlético de Madrid', 'Celta de Vigo', 1, 0, 0, '21/12/2012'),
(181, 2012, 17, 'Desconocido', 'Betis', 'Mallorca', 1, 2, 0, '22/12/2012'),
(182, 2012, 17, 'Desconocido', 'Valladolid', 'Barcelona', 1, 3, 0, '22/12/2012'),
(183, 2012, 17, 'Desconocido', 'Osasuna', 'Granada', 1, 2, 0, '22/12/2012'),
(184, 2012, 17, 'Desconocido', 'Málaga', 'Real Madrid', 3, 2, 0, '22/12/2012'),
(185, 2012, 17, 'Desconocido', 'Athletic Club', 'Real Zaragoza', 0, 2, 0, '22/12/2012'),
(186, 2012, 18, 'Desconocido', 'Real Zaragoza', 'Betis', 1, 2, 0, '04/01/2013'),
(187, 2012, 18, 'Desconocido', 'Levante', 'Athletic Club', 3, 1, 0, '05/01/2013'),
(188, 2012, 18, 'Desconocido', 'Granada', 'Valencia', 1, 2, 0, '05/01/2013'),
(189, 2012, 18, 'Desconocido', 'Deportivo de La Coru', 'Málaga', 1, 0, 0, '05/01/2013'),
(190, 2012, 18, 'Desconocido', 'Sevilla', 'Osasuna', 1, 0, 0, '05/01/2013'),
(191, 2012, 18, 'Desconocido', 'Celta de Vigo', 'Valladolid', 3, 1, 0, '06/01/2013'),
(192, 2012, 18, 'Santiago Bernabeu', 'Real Madrid', 'Real Sociedad', 4, 3, 0, '06/01/2013'),
(193, 2012, 18, 'Camp Nou', 'Barcelona', 'Espanyol', 4, 0, 0, '06/01/2013'),
(194, 2012, 18, 'Desconocido', 'Mallorca', 'Atlético de Madrid', 1, 1, 0, '06/01/2013'),
(195, 2012, 18, 'Desconocido', 'Rayo Vallecano', 'Getafe', 3, 1, 0, '07/01/2013'),
(196, 2012, 19, 'Desconocido', 'Athletic Club', 'Rayo Vallecano', 1, 2, 0, '11/01/2013'),
(197, 2012, 19, 'Desconocido', 'Valladolid', 'Mallorca', 3, 1, 0, '12/01/2013'),
(198, 2012, 19, 'Desconocido', 'Espanyol', 'Celta de Vigo', 1, 0, 0, '12/01/2013'),
(199, 2012, 19, 'Desconocido', 'Osasuna', 'Real Madrid', 0, 0, 0, '12/01/2013'),
(200, 2012, 19, 'Desconocido', 'Valencia', 'Sevilla', 2, 0, 0, '12/01/2013'),
(201, 2012, 19, 'Desconocido', 'Betis', 'Levante', 2, 0, 0, '13/01/2013'),
(202, 2012, 19, 'Desconocido', 'Real Sociedad', 'Deportivo de La Coru', 1, 1, 0, '13/01/2013'),
(203, 2012, 19, 'Desconocido', 'Atlético de Madrid', 'Real Zaragoza', 2, 0, 0, '13/01/2013'),
(204, 2012, 19, 'Desconocido', 'Málaga', 'Barcelona', 1, 3, 0, '13/01/2013'),
(205, 2012, 19, 'Desconocido', 'Getafe', 'Granada', 2, 2, 0, '14/01/2013'),
(206, 2012, 20, 'Desconocido', 'Espanyol', 'Mallorca', 3, 2, 0, '18/01/2013'),
(207, 2012, 20, 'Desconocido', 'Granada', 'Rayo Vallecano', 2, 0, 0, '19/01/2013'),
(208, 2012, 20, 'Desconocido', 'Real Sociedad', 'Barcelona', 3, 2, 0, '19/01/2013'),
(209, 2012, 20, 'Desconocido', 'Getafe', 'Sevilla', 1, 1, 0, '19/01/2013'),
(210, 2012, 20, 'Desconocido', 'Málaga', 'Celta de Vigo', 1, 1, 0, '19/01/2013'),
(211, 2012, 20, 'Desconocido', 'Osasuna', 'Deportivo de La Coru', 2, 1, 0, '20/01/2013'),
(212, 2012, 20, 'Desconocido', 'Valladolid', 'Real Zaragoza', 2, 0, 0, '20/01/2013'),
(213, 2012, 20, 'Desconocido', 'Atlético de Madrid', 'Levante', 2, 0, 0, '20/01/2013'),
(214, 2012, 20, 'Desconocido', 'Valencia', 'Real Madrid', 0, 5, 0, '20/01/2013'),
(215, 2012, 20, 'Desconocido', 'Betis', 'Athletic Club', 1, 1, 0, '21/01/2013'),
(216, 2012, 21, 'Desconocido', 'Celta de Vigo', 'Real Sociedad', 1, 1, 0, '26/01/2013'),
(217, 2012, 21, 'Desconocido', 'Levante', 'Valladolid', 2, 1, 0, '26/01/2013'),
(218, 2012, 21, 'Desconocido', 'Real Zaragoza', 'Espanyol', 0, 0, 0, '26/01/2013'),
(219, 2012, 21, 'Desconocido', 'Deportivo de La Coru', 'Valencia', 2, 3, 0, '26/01/2013'),
(220, 2012, 21, 'Santiago Bernabeu', 'Real Madrid', 'Getafe', 4, 0, 0, '27/01/2013'),
(221, 2012, 21, 'Desconocido', 'Rayo Vallecano', 'Betis', 3, 0, 0, '27/01/2013'),
(222, 2012, 21, 'Camp Nou', 'Barcelona', 'Osasuna', 5, 1, 0, '27/01/2013'),
(223, 2012, 21, 'Desconocido', 'Athletic Club', 'Atlético de Madrid', 3, 0, 0, '27/01/2013'),
(224, 2012, 21, 'Desconocido', 'Mallorca', 'Málaga', 2, 3, 0, '27/01/2013'),
(225, 2012, 21, 'Desconocido', 'Sevilla', 'Granada', 3, 0, 0, '28/01/2013'),
(226, 2012, 22, 'Desconocido', 'Valladolid', 'Athletic Club', 2, 2, 0, '01/02/2013'),
(227, 2012, 22, 'Desconocido', 'Osasuna', 'Celta de Vigo', 1, 0, 0, '02/02/2013'),
(228, 2012, 22, 'Desconocido', 'Getafe', 'Deportivo de La Coru', 3, 1, 0, '02/02/2013'),
(229, 2012, 22, 'Desconocido', 'Espanyol', 'Levante', 3, 2, 0, '02/02/2013'),
(230, 2012, 22, 'Desconocido', 'Granada', 'Real Madrid', 1, 0, 0, '02/02/2013'),
(231, 2012, 22, 'Desconocido', 'Málaga', 'Real Zaragoza', 1, 1, 0, '03/02/2013'),
(232, 2012, 22, 'Desconocido', 'Sevilla', 'Rayo Vallecano', 2, 1, 0, '03/02/2013'),
(233, 2012, 22, 'Desconocido', 'Valencia', 'Barcelona', 1, 1, 0, '03/02/2013'),
(234, 2012, 22, 'Desconocido', 'Atlético de Madrid', 'Betis', 1, 0, 0, '03/02/2013'),
(235, 2012, 22, 'Desconocido', 'Real Sociedad', 'Mallorca', 3, 0, 0, '03/02/2013'),
(236, 2012, 23, 'Desconocido', 'Mallorca', 'Osasuna', 1, 1, 0, '09/02/2013'),
(237, 2012, 23, 'Desconocido', 'Celta de Vigo', 'Valencia', 0, 1, 0, '09/02/2013'),
(238, 2012, 23, 'Desconocido', 'Levante', 'Málaga', 1, 2, 0, '09/02/2013'),
(239, 2012, 23, 'Desconocido', 'Deportivo de La Coru', 'Granada', 0, 3, 0, '09/02/2013'),
(240, 2012, 23, 'Santiago Bernabeu', 'Real Madrid', 'Sevilla', 4, 1, 0, '09/02/2013'),
(241, 2012, 23, 'Camp Nou', 'Barcelona', 'Getafe', 6, 1, 0, '10/02/2013'),
(242, 2012, 23, 'Desconocido', 'Real Zaragoza', 'Real Sociedad', 1, 2, 0, '10/02/2013'),
(243, 2012, 23, 'Desconocido', 'Athletic Club', 'Espanyol', 0, 4, 0, '10/02/2013'),
(244, 2012, 23, 'Desconocido', 'Rayo Vallecano', 'Atlético de Madrid', 2, 1, 0, '10/02/2013'),
(245, 2012, 23, 'Desconocido', 'Betis', 'Valladolid', 0, 0, 0, '11/02/2013'),
(246, 2012, 24, 'Desconocido', 'Sevilla', 'Deportivo de La Coru', 3, 1, 0, '15/02/2013'),
(247, 2012, 24, 'Desconocido', 'Getafe', 'Celta de Vigo', 3, 1, 0, '16/02/2013'),
(248, 2012, 24, 'Desconocido', 'Málaga', 'Athletic Club', 1, 0, 0, '16/02/2013'),
(249, 2012, 24, 'Desconocido', 'Granada', 'Barcelona', 1, 2, 0, '16/02/2013'),
(250, 2012, 24, 'Desconocido', 'Osasuna', 'Real Zaragoza', 1, 0, 0, '16/02/2013'),
(251, 2012, 24, 'Desconocido', 'Real Sociedad', 'Levante', 1, 1, 0, '17/02/2013'),
(252, 2012, 24, 'Desconocido', 'Valencia', 'Mallorca', 2, 0, 0, '17/02/2013'),
(253, 2012, 24, 'Desconocido', 'Valladolid', 'Atlético de Madrid', 0, 3, 0, '17/02/2013'),
(254, 2012, 24, 'Desconocido', 'Espanyol', 'Betis', 1, 0, 0, '17/02/2013'),
(255, 2012, 24, 'Santiago Bernabeu', 'Real Madrid', 'Rayo Vallecano', 2, 0, 0, '17/02/2013'),
(256, 2012, 25, 'Desconocido', 'Athletic Club', 'Real Sociedad', 1, 3, 0, '22/02/2013'),
(257, 2012, 25, 'Desconocido', 'Mallorca', 'Getafe', 1, 3, 0, '23/02/2013'),
(258, 2012, 25, 'Desconocido', 'Real Zaragoza', 'Valencia', 2, 2, 0, '23/02/2013'),
(259, 2012, 25, 'Desconocido', 'Deportivo de La Coru', 'Real Madrid', 1, 2, 0, '23/02/2013'),
(260, 2012, 25, 'Camp Nou', 'Barcelona', 'Sevilla', 2, 1, 0, '23/02/2013'),
(261, 2012, 25, 'Desconocido', 'Rayo Vallecano', 'Valladolid', 1, 2, 0, '24/02/2013'),
(262, 2012, 25, 'Desconocido', 'Celta de Vigo', 'Granada', 2, 1, 0, '24/02/2013'),
(263, 2012, 25, 'Desconocido', 'Atlético de Madrid', 'Espanyol', 1, 0, 0, '24/02/2013'),
(264, 2012, 25, 'Desconocido', 'Betis', 'Málaga', 3, 0, 0, '24/02/2013'),
(265, 2012, 25, 'Desconocido', 'Levante', 'Osasuna', 0, 2, 0, '25/02/2013'),
(266, 2012, 26, 'Desconocido', 'Getafe', 'Real Zaragoza', 2, 0, 0, '01/03/2013'),
(267, 2012, 26, 'Santiago Bernabeu', 'Real Madrid', 'Barcelona', 2, 1, 0, '02/03/2013'),
(268, 2012, 26, 'Desconocido', 'Deportivo de La Coru', 'Rayo Vallecano', 0, 0, 0, '02/03/2013'),
(269, 2012, 26, 'Desconocido', 'Osasuna', 'Athletic Club', 0, 1, 0, '02/03/2013'),
(270, 2012, 26, 'Desconocido', 'Valencia', 'Levante', 2, 2, 0, '02/03/2013'),
(271, 2012, 26, 'Desconocido', 'Granada', 'Mallorca', 1, 2, 0, '03/03/2013'),
(272, 2012, 26, 'Desconocido', 'Espanyol', 'Valladolid', 0, 0, 0, '03/03/2013'),
(273, 2012, 26, 'Desconocido', 'Málaga', 'Atlético de Madrid', 0, 0, 0, '03/03/2013'),
(274, 2012, 26, 'Desconocido', 'Real Sociedad', 'Betis', 3, 3, 0, '03/03/2013'),
(275, 2012, 26, 'Desconocido', 'Sevilla', 'Celta de Vigo', 4, 1, 0, '04/03/2013'),
(276, 2012, 27, 'Desconocido', 'Betis', 'Osasuna', 2, 1, 0, '08/03/2013'),
(277, 2012, 27, 'Desconocido', 'Rayo Vallecano', 'Espanyol', 2, 0, 0, '09/03/2013'),
(278, 2012, 27, 'Desconocido', 'Valladolid', 'Málaga', 1, 1, 0, '09/03/2013'),
(279, 2012, 27, 'Camp Nou', 'Barcelona', 'Deportivo de La Coru', 2, 0, 0, '09/03/2013'),
(280, 2012, 27, 'Desconocido', 'Mallorca', 'Sevilla', 2, 1, 0, '09/03/2013'),
(281, 2012, 27, 'Desconocido', 'Athletic Club', 'Valencia', 1, 0, 0, '10/03/2013'),
(282, 2012, 27, 'Desconocido', 'Levante', 'Getafe', 0, 0, 0, '10/03/2013'),
(283, 2012, 27, 'Desconocido', 'Celta de Vigo', 'Real Madrid', 1, 2, 0, '10/03/2013'),
(284, 2012, 27, 'Desconocido', 'Atlético de Madrid', 'Real Sociedad', 0, 1, 0, '10/03/2013'),
(285, 2012, 27, 'Desconocido', 'Real Zaragoza', 'Granada', 0, 0, 0, '11/03/2013'),
(286, 2012, 28, 'Desconocido', 'Deportivo de La Coru', 'Celta de Vigo', 3, 1, 0, '15/03/2013'),
(287, 2012, 28, 'Desconocido', 'Real Sociedad', 'Valladolid', 4, 1, 0, '16/03/2013'),
(288, 2012, 28, 'Desconocido', 'Getafe', 'Athletic Club', 1, 0, 0, '16/03/2013'),
(289, 2012, 28, 'Santiago Bernabeu', 'Real Madrid', 'Mallorca', 5, 2, 0, '16/03/2013'),
(290, 2012, 28, 'Desconocido', 'Valencia', 'Betis', 3, 0, 0, '16/03/2013'),
(291, 2012, 28, 'Desconocido', 'Málaga', 'Espanyol', 0, 2, 0, '17/03/2013'),
(292, 2012, 28, 'Desconocido', 'Sevilla', 'Real Zaragoza', 4, 0, 0, '17/03/2013'),
(293, 2012, 28, 'Desconocido', 'Osasuna', 'Atlético de Madrid', 0, 2, 0, '17/03/2013'),
(294, 2012, 28, 'Desconocido', 'Granada', 'Levante', 1, 1, 0, '17/03/2013'),
(295, 2012, 28, 'Camp Nou', 'Barcelona', 'Rayo Vallecano', 3, 1, 0, '17/03/2013'),
(296, 2012, 29, 'Desconocido', 'Rayo Vallecano', 'Málaga', 1, 3, 0, '30/03/2013'),
(297, 2012, 29, 'Desconocido', 'Celta de Vigo', 'Barcelona', 2, 2, 0, '30/03/2013'),
(298, 2012, 29, 'Desconocido', 'Real Zaragoza', 'Real Madrid', 1, 1, 0, '30/03/2013'),
(299, 2012, 29, 'Desconocido', 'Levante', 'Sevilla', 1, 0, 0, '30/03/2013'),
(300, 2012, 29, 'Desconocido', 'Valladolid', 'Osasuna', 1, 3, 0, '31/03/2013'),
(301, 2012, 29, 'Desconocido', 'Mallorca', 'Deportivo de La Coru', 2, 3, 0, '31/03/2013'),
(302, 2012, 29, 'Desconocido', 'Espanyol', 'Real Sociedad', 2, 2, 0, '31/03/2013'),
(303, 2012, 29, 'Desconocido', 'Atlético de Madrid', 'Valencia', 1, 1, 0, '31/03/2013'),
(304, 2012, 29, 'Desconocido', 'Athletic Club', 'Granada', 1, 0, 0, '01/04/2013'),
(305, 2012, 29, 'Desconocido', 'Betis', 'Getafe', 0, 0, 0, '01/04/2013'),
(306, 2012, 30, 'Desconocido', 'Granada', 'Betis', 1, 5, 0, '05/04/2013'),
(307, 2012, 30, 'Desconocido', 'Real Sociedad', 'Málaga', 4, 2, 0, '06/04/2013'),
(308, 2012, 30, 'Santiago Bernabeu', 'Real Madrid', 'Levante', 5, 1, 0, '06/04/2013'),
(309, 2012, 30, 'Desconocido', 'Deportivo de La Coru', 'Real Zaragoza', 3, 2, 0, '06/04/2013'),
(310, 2012, 30, 'Camp Nou', 'Barcelona', 'Mallorca', 5, 0, 0, '06/04/2013'),
(311, 2012, 30, 'Desconocido', 'Celta de Vigo', 'Rayo Vallecano', 0, 2, 0, '07/04/2013'),
(312, 2012, 30, 'Desconocido', 'Osasuna', 'Espanyol', 0, 2, 0, '07/04/2013'),
(313, 2012, 30, 'Desconocido', 'Getafe', 'Atlético de Madrid', 0, 0, 0, '07/04/2013'),
(314, 2012, 30, 'Desconocido', 'Valencia', 'Valladolid', 2, 1, 0, '07/04/2013'),
(315, 2012, 30, 'Desconocido', 'Sevilla', 'Athletic Club', 2, 1, 0, '08/04/2013'),
(316, 2012, 31, 'Desconocido', 'Betis', 'Sevilla', 3, 3, 0, '12/04/2013'),
(317, 2012, 31, 'Desconocido', 'Valladolid', 'Getafe', 2, 1, 0, '13/04/2013'),
(318, 2012, 31, 'Desconocido', 'Levante', 'Deportivo de La Coru', 0, 4, 0, '13/04/2013'),
(319, 2012, 31, 'Desconocido', 'Espanyol', 'Valencia', 3, 3, 0, '13/04/2013'),
(320, 2012, 31, 'Desconocido', 'Málaga', 'Osasuna', 1, 0, 0, '13/04/2013'),
(321, 2012, 31, 'Desconocido', 'Rayo Vallecano', 'Real Sociedad', 0, 2, 0, '14/04/2013'),
(322, 2012, 31, 'Desconocido', 'Atlético de Madrid', 'Granada', 5, 0, 0, '14/04/2013'),
(323, 2012, 31, 'Desconocido', 'Real Zaragoza', 'Barcelona', 0, 3, 0, '14/04/2013'),
(324, 2012, 31, 'Desconocido', 'Athletic Club', 'Real Madrid', 0, 3, 0, '14/04/2013'),
(325, 2012, 31, 'Desconocido', 'Mallorca', 'Celta de Vigo', 1, 0, 0, '15/04/2013'),
(326, 2012, 32, 'Desconocido', 'Mallorca', 'Rayo Vallecano', 1, 1, 0, '19/04/2013'),
(327, 2012, 32, 'Desconocido', 'Granada', 'Valladolid', 1, 1, 0, '20/04/2013'),
(328, 2012, 32, 'Santiago Bernabeu', 'Real Madrid', 'Betis', 3, 1, 0, '20/04/2013'),
(329, 2012, 32, 'Camp Nou', 'Barcelona', 'Levante', 1, 0, 0, '20/04/2013'),
(330, 2012, 32, 'Desconocido', 'Valencia', 'Málaga', 5, 1, 0, '20/04/2013'),
(331, 2012, 32, 'Desconocido', 'Getafe', 'Espanyol', 0, 2, 0, '21/04/2013'),
(332, 2012, 32, 'Desconocido', 'Deportivo de La Coru', 'Athletic Club', 1, 1, 0, '21/04/2013'),
(333, 2012, 32, 'Desconocido', 'Osasuna', 'Real Sociedad', 0, 0, 0, '21/04/2013'),
(334, 2012, 32, 'Desconocido', 'Sevilla', 'Atlético de Madrid', 0, 1, 0, '21/04/2013'),
(335, 2012, 32, 'Desconocido', 'Celta de Vigo', 'Real Zaragoza', 2, 1, 0, '22/04/2013'),
(336, 2012, 33, 'Desconocido', 'Rayo Vallecano', 'Osasuna', 2, 2, 0, '26/04/2013'),
(337, 2012, 33, 'Desconocido', 'Levante', 'Celta de Vigo', 0, 1, 0, '27/04/2013'),
(338, 2012, 33, 'Desconocido', 'Athletic Club', 'Barcelona', 2, 2, 0, '27/04/2013'),
(339, 2012, 33, 'Desconocido', 'Atlético de Madrid', 'Real Madrid', 1, 2, 0, '27/04/2013'),
(340, 2012, 33, 'Desconocido', 'Real Zaragoza', 'Mallorca', 3, 2, 0, '27/04/2013'),
(341, 2012, 33, 'Desconocido', 'Espanyol', 'Granada', 0, 1, 0, '28/04/2013'),
(342, 2012, 33, 'Desconocido', 'Málaga', 'Getafe', 2, 1, 0, '28/04/2013'),
(343, 2012, 33, 'Desconocido', 'Valladolid', 'Sevilla', 1, 1, 0, '28/04/2013'),
(344, 2012, 33, 'Desconocido', 'Real Sociedad', 'Valencia', 4, 2, 0, '28/04/2013'),
(345, 2012, 33, 'Desconocido', 'Betis', 'Deportivo de La Coru', 1, 1, 0, '29/04/2013'),
(346, 2012, 34, 'Desconocido', 'Celta de Vigo', 'Athletic Club', 1, 1, 0, '03/05/2013'),
(347, 2012, 34, 'Desconocido', 'Valencia', 'Osasuna', 4, 0, 0, '04/05/2013'),
(348, 2012, 34, 'Desconocido', 'Granada', 'Málaga', 1, 0, 0, '04/05/2013'),
(349, 2012, 34, 'Santiago Bernabeu', 'Real Madrid', 'Valladolid', 4, 3, 0, '04/05/2013'),
(350, 2012, 34, 'Desconocido', 'Deportivo de La Coru', 'Atlético de Madrid', 0, 0, 0, '04/05/2013'),
(351, 2012, 34, 'Desconocido', 'Mallorca', 'Levante', 1, 1, 0, '05/05/2013'),
(352, 2012, 34, 'Desconocido', 'Real Zaragoza', 'Rayo Vallecano', 3, 0, 0, '05/05/2013'),
(353, 2012, 34, 'Desconocido', 'Sevilla', 'Espanyol', 3, 0, 0, '05/05/2013'),
(354, 2012, 34, 'Camp Nou', 'Barcelona', 'Betis', 4, 2, 0, '05/05/2013'),
(355, 2012, 34, 'Desconocido', 'Getafe', 'Real Sociedad', 2, 1, 0, '06/05/2013'),
(356, 2012, 35, 'Desconocido', 'Levante', 'Real Zaragoza', 0, 0, 0, '10/05/2013'),
(357, 2012, 35, 'Desconocido', 'Athletic Club', 'Mallorca', 2, 1, 0, '11/05/2013'),
(358, 2012, 35, 'Desconocido', 'Valladolid', 'Deportivo de La Coru', 1, 0, 0, '11/05/2013'),
(359, 2012, 35, 'Desconocido', 'Osasuna', 'Getafe', 1, 0, 0, '11/05/2013'),
(360, 2012, 35, 'Desconocido', 'Espanyol', 'Real Madrid', 1, 1, 0, '11/05/2013'),
(361, 2012, 35, 'Desconocido', 'Rayo Vallecano', 'Valencia', 0, 4, 0, '12/05/2013'),
(362, 2012, 35, 'Desconocido', 'Betis', 'Celta de Vigo', 1, 0, 0, '12/05/2013'),
(363, 2012, 35, 'Desconocido', 'Atlético de Madrid', 'Barcelona', 1, 2, 0, '12/05/2013'),
(364, 2012, 35, 'Desconocido', 'Málaga', 'Sevilla', 0, 0, 0, '12/05/2013'),
(365, 2012, 35, 'Desconocido', 'Real Sociedad', 'Granada', 2, 2, 0, '13/05/2013'),
(366, 2012, 36, 'Desconocido', 'Celta de Vigo', 'Atlético de Madrid', 1, 3, 0, '08/05/2013'),
(367, 2012, 36, 'Santiago Bernabeu', 'Real Madrid', 'Málaga', 6, 2, 0, '08/05/2013'),
(368, 2012, 36, 'Desconocido', 'Getafe', 'Valencia', 0, 1, 0, '18/05/2013'),
(369, 2012, 36, 'Desconocido', 'Granada', 'Osasuna', 3, 0, 0, '18/05/2013'),
(370, 2012, 36, 'Desconocido', 'Sevilla', 'Real Sociedad', 1, 2, 0, '18/05/2013'),
(371, 2012, 36, 'Desconocido', 'Levante', 'Rayo Vallecano', 2, 3, 0, '19/05/2013'),
(372, 2012, 36, 'Desconocido', 'Deportivo de La Coru', 'Espanyol', 2, 0, 0, '19/05/2013'),
(373, 2012, 36, 'Desconocido', 'Real Zaragoza', 'Athletic Club', 1, 2, 0, '19/05/2013'),
(374, 2012, 36, 'Camp Nou', 'Barcelona', 'Valladolid', 2, 1, 0, '19/05/2013'),
(375, 2012, 36, 'Desconocido', 'Mallorca', 'Betis', 1, 0, 0, '20/05/2013'),
(376, 2012, 37, 'Desconocido', 'Getafe', 'Rayo Vallecano', 1, 2, 0, '26/05/2013'),
(377, 2012, 37, 'Desconocido', 'Valencia', 'Granada', 1, 0, 0, '26/05/2013'),
(378, 2012, 37, 'Desconocido', 'Osasuna', 'Sevilla', 2, 1, 0, '26/05/2013'),
(379, 2012, 37, 'Desconocido', 'Real Sociedad', 'Real Madrid', 3, 3, 0, '26/05/2013'),
(380, 2012, 37, 'Desconocido', 'Málaga', 'Deportivo de La Coru', 3, 1, 0, '26/05/2013'),
(381, 2012, 37, 'Desconocido', 'Espanyol', 'Barcelona', 0, 2, 0, '26/05/2013'),
(382, 2012, 37, 'Desconocido', 'Valladolid', 'Celta de Vigo', 0, 2, 0, '26/05/2013'),
(383, 2012, 37, 'Desconocido', 'Atlético de Madrid', 'Mallorca', 0, 0, 0, '26/05/2013'),
(384, 2012, 37, 'Desconocido', 'Betis', 'Real Zaragoza', 4, 0, 0, '26/05/2013'),
(385, 2012, 37, 'Desconocido', 'Athletic Club', 'Levante', 0, 1, 0, '26/05/2013'),
(386, 2012, 38, 'Santiago Bernabeu', 'Real Madrid', 'Osasuna', 4, 2, 0, '01/06/2013'),
(387, 2012, 38, 'Camp Nou', 'Barcelona', 'Málaga', 4, 1, 0, '01/06/2013'),
(388, 2012, 38, 'Desconocido', 'Granada', 'Getafe', 2, 0, 0, '01/06/2013'),
(389, 2012, 38, 'Desconocido', 'Sevilla', 'Valencia', 4, 3, 0, '01/06/2013'),
(390, 2012, 38, 'Desconocido', 'Deportivo de La Coru', 'Real Sociedad', 0, 1, 0, '01/06/2013'),
(391, 2012, 38, 'Desconocido', 'Celta de Vigo', 'Espanyol', 1, 0, 0, '01/06/2013'),
(392, 2012, 38, 'Desconocido', 'Mallorca', 'Valladolid', 4, 2, 0, '01/06/2013'),
(393, 2012, 38, 'Desconocido', 'Real Zaragoza', 'Atlético de Madrid', 1, 3, 0, '01/06/2013'),
(394, 2012, 38, 'Desconocido', 'Levante', 'Betis', 1, 1, 0, '01/06/2013'),
(395, 2012, 38, 'Desconocido', 'Rayo Vallecano', 'Athletic Club', 2, 2, 0, '01/06/2013'),
(396, 2011, 38, 'Desconocido', 'Real Sociedad', 'Valencia', 1, 0, 0, '12/05/2012'),
(397, 2011, 38, 'Desconocido', 'Betis', 'Barcelona', 2, 2, 0, '12/05/2012'),
(398, 2011, 38, 'Desconocido', 'Getafe', 'Real Zaragoza', 0, 2, 0, '13/05/2012'),
(399, 2011, 38, 'Desconocido', 'Levante', 'Athletic Club', 3, 0, 0, '13/05/2012'),
(400, 2011, 38, 'Desconocido', 'Real Madrid', 'Mallorca', 4, 1, 0, '13/05/2012'),
(401, 2011, 38, 'Desconocido', 'Rayo Vallecano', 'Granada', 1, 0, 0, '13/05/2012'),
(402, 2011, 38, 'Desconocido', 'Espanyol', 'Sevilla', 1, 1, 0, '13/05/2012'),
(403, 2011, 38, 'Desconocido', 'Málaga', 'Sporting de Gijón', 1, 0, 0, '13/05/2012'),
(404, 2011, 38, 'Desconocido', 'Villarreal', 'Atlético de Madrid', 0, 1, 0, '13/05/2012'),
(405, 2011, 38, 'Desconocido', 'Racing de Santander', 'Osasuna', 2, 4, 0, '13/05/2012'),
(406, 2011, 1, 'Desconocido', 'Espanyol', 'Granada', 3, 0, 0, '21/01/2012'),
(407, 2011, 1, 'Desconocido', 'Racing de Santander', 'Getafe', 1, 2, 0, '21/01/2012'),
(408, 2011, 1, 'Desconocido', 'Real Sociedad', 'Atlético de Madrid', 0, 4, 0, '21/01/2012'),
(409, 2011, 1, 'Desconocido', 'Betis', 'Sevilla', 1, 1, 0, '21/01/2012'),
(410, 2011, 1, 'Desconocido', 'Osasuna', 'Valencia', 1, 1, 0, '22/01/2012'),
(411, 2011, 1, 'Desconocido', 'Rayo Vallecano', 'Mallorca', 0, 1, 0, '22/01/2012'),
(412, 2011, 1, 'Desconocido', 'Málaga', 'Barcelona', 1, 4, 0, '22/01/2012'),
(413, 2011, 1, 'Desconocido', 'Levante', 'Real Zaragoza', 0, 0, 0, '22/01/2012'),
(414, 2011, 1, 'Desconocido', 'Real Madrid', 'Athletic Club', 4, 1, 0, '22/01/2012'),
(415, 2011, 1, 'Desconocido', 'Villarreal', 'Sporting de Gijón', 3, 0, 0, '23/01/2012'),
(416, 2011, 2, 'Desconocido', 'Sporting de Gijón', 'Real Sociedad', 1, 2, 0, '27/08/2011'),
(417, 2011, 2, 'Desconocido', 'Valencia', 'Racing de Santander', 4, 3, 0, '27/08/2011'),
(418, 2011, 2, 'Desconocido', 'Granada', 'Betis', 0, 1, 0, '27/08/2011'),
(419, 2011, 2, 'Desconocido', 'Atlético de Madrid', 'Osasuna', 0, 0, 0, '28/08/2011'),
(420, 2011, 2, 'Desconocido', 'Athletic Club', 'Rayo Vallecano', 1, 1, 0, '28/08/2011'),
(421, 2011, 2, 'Desconocido', 'Mallorca', 'Espanyol', 1, 0, 0, '28/08/2011'),
(422, 2011, 2, 'Desconocido', 'Getafe', 'Levante', 1, 1, 0, '28/08/2011'),
(423, 2011, 2, 'Desconocido', 'Real Zaragoza', 'Real Madrid', 0, 6, 0, '28/08/2011'),
(424, 2011, 2, 'Desconocido', 'Sevilla', 'Málaga', 2, 1, 0, '28/08/2011'),
(425, 2011, 2, 'Desconocido', 'Barcelona', 'Villarreal', 5, 0, 0, '29/08/2011'),
(426, 2011, 3, 'Desconocido', 'Real Sociedad', 'Barcelona', 2, 2, 0, '10/09/2011'),
(427, 2011, 3, 'Desconocido', 'Villarreal', 'Sevilla', 2, 2, 0, '10/09/2011'),
(428, 2011, 3, 'Desconocido', 'Real Madrid', 'Getafe', 4, 2, 0, '10/09/2011'),
(429, 2011, 3, 'Desconocido', 'Valencia', 'Atlético de Madrid', 1, 0, 0, '10/09/2011'),
(430, 2011, 3, 'Desconocido', 'Betis', 'Mallorca', 1, 0, 0, '11/09/2011'),
(431, 2011, 3, 'Desconocido', 'Racing de Santander', 'Levante', 0, 0, 0, '11/09/2011'),
(432, 2011, 3, 'Desconocido', 'Osasuna', 'Sporting de Gijón', 2, 1, 0, '11/09/2011'),
(433, 2011, 3, 'Desconocido', 'Rayo Vallecano', 'Real Zaragoza', 0, 0, 0, '11/09/2011'),
(434, 2011, 3, 'Desconocido', 'Espanyol', 'Athletic Club', 2, 1, 0, '11/09/2011'),
(435, 2011, 3, 'Desconocido', 'Málaga', 'Granada', 4, 0, 0, '12/09/2011'),
(436, 2011, 4, 'Desconocido', 'Sporting de Gijón', 'Valencia', 0, 1, 0, '17/09/2011'),
(437, 2011, 4, 'Desconocido', 'Granada', 'Villarreal', 1, 0, 0, '17/09/2011'),
(438, 2011, 4, 'Desconocido', 'Mallorca', 'Málaga', 0, 1, 0, '17/09/2011'),
(439, 2011, 4, 'Desconocido', 'Barcelona', 'Osasuna', 8, 0, 0, '17/09/2011'),
(440, 2011, 4, 'Desconocido', 'Sevilla', 'Real Sociedad', 1, 0, 0, '17/09/2011'),
(441, 2011, 4, 'Desconocido', 'Getafe', 'Rayo Vallecano', 0, 1, 0, '18/09/2011'),
(442, 2011, 4, 'Desconocido', 'Real Zaragoza', 'Espanyol', 2, 1, 0, '18/09/2011'),
(443, 2011, 4, 'Desconocido', 'Atlético de Madrid', 'Racing de Santander', 4, 0, 0, '18/09/2011'),
(444, 2011, 4, 'Desconocido', 'Levante', 'Real Madrid', 1, 0, 0, '18/09/2011'),
(445, 2011, 4, 'Desconocido', 'Athletic Club', 'Betis', 2, 3, 0, '18/09/2011'),
(446, 2011, 5, 'Desconocido', 'Osasuna', 'Sevilla', 0, 0, 0, '20/09/2011'),
(447, 2011, 5, 'Desconocido', 'Real Sociedad', 'Granada', 1, 0, 0, '20/09/2011'),
(448, 2011, 5, 'Desconocido', 'Villarreal', 'Mallorca', 2, 0, 0, '20/09/2011'),
(449, 2011, 5, 'Desconocido', 'Atlético de Madrid', 'Sporting de Gijón', 4, 0, 0, '21/09/2011'),
(450, 2011, 5, 'Desconocido', 'Málaga', 'Athletic Club', 1, 0, 0, '21/09/2011'),
(451, 2011, 5, 'Desconocido', 'Rayo Vallecano', 'Levante', 1, 2, 0, '21/09/2011'),
(452, 2011, 5, 'Desconocido', 'Racing de Santander', 'Real Madrid', 0, 0, 0, '21/09/2011'),
(453, 2011, 5, 'Desconocido', 'Valencia', 'Barcelona', 2, 2, 0, '21/09/2011'),
(454, 2011, 5, 'Desconocido', 'Espanyol', 'Getafe', 1, 0, 0, '22/09/2011'),
(455, 2011, 5, 'Desconocido', 'Betis', 'Real Zaragoza', 4, 3, 0, '22/09/2011'),
(456, 2011, 6, 'Desconocido', 'Sevilla', 'Valencia', 1, 0, 0, '24/09/2011'),
(457, 2011, 6, 'Desconocido', 'Athletic Club', 'Villarreal', 1, 1, 0, '24/09/2011'),
(458, 2011, 6, 'Desconocido', 'Real Madrid', 'Rayo Vallecano', 6, 2, 0, '24/09/2011'),
(459, 2011, 6, 'Desconocido', 'Barcelona', 'Atlético de Madrid', 5, 0, 0, '24/09/2011'),
(460, 2011, 6, 'Desconocido', 'Mallorca', 'Real Sociedad', 2, 1, 0, '25/09/2011'),
(461, 2011, 6, 'Desconocido', 'Levante', 'Espanyol', 3, 1, 0, '25/09/2011'),
(462, 2011, 6, 'Desconocido', 'Granada', 'Osasuna', 1, 1, 0, '25/09/2011'),
(463, 2011, 6, 'Desconocido', 'Sporting de Gijón', 'Racing de Santander', 0, 0, 0, '25/09/2011'),
(464, 2011, 6, 'Desconocido', 'Real Zaragoza', 'Málaga', 0, 0, 0, '25/09/2011'),
(465, 2011, 6, 'Desconocido', 'Getafe', 'Betis', 1, 0, 0, '26/09/2011'),
(466, 2011, 7, 'Desconocido', 'Osasuna', 'Mallorca', 2, 2, 0, '01/10/2011'),
(467, 2011, 7, 'Desconocido', 'Villarreal', 'Real Zaragoza', 2, 2, 0, '01/10/2011'),
(468, 2011, 7, 'Desconocido', 'Racing de Santander', 'Rayo Vallecano', 1, 1, 0, '01/10/2011'),
(469, 2011, 7, 'Desconocido', 'Valencia', 'Granada', 1, 0, 0, '01/10/2011'),
(470, 2011, 7, 'Desconocido', 'Málaga', 'Getafe', 3, 2, 0, '01/10/2011'),
(471, 2011, 7, 'Desconocido', 'Real Sociedad', 'Athletic Club', 1, 2, 0, '02/10/2011'),
(472, 2011, 7, 'Desconocido', 'Betis', 'Levante', 0, 1, 0, '02/10/2011'),
(473, 2011, 7, 'Desconocido', 'Atlético de Madrid', 'Sevilla', 0, 0, 0, '02/10/2011'),
(474, 2011, 7, 'Desconocido', 'Sporting de Gijón', 'Barcelona', 0, 1, 0, '02/10/2011'),
(475, 2011, 7, 'Desconocido', 'Espanyol', 'Real Madrid', 0, 4, 0, '02/10/2011'),
(476, 2011, 8, 'Desconocido', 'Mallorca', 'Valencia', 1, 1, 0, '15/10/2011'),
(477, 2011, 8, 'Desconocido', 'Getafe', 'Villarreal', 0, 0, 0, '15/10/2011'),
(478, 2011, 8, 'Desconocido', 'Real Madrid', 'Betis', 4, 1, 0, '15/10/2011'),
(479, 2011, 8, 'Desconocido', 'Barcelona', 'Racing de Santander', 3, 0, 0, '15/10/2011'),
(480, 2011, 8, 'Desconocido', 'Granada', 'Atlético de Madrid', 0, 0, 0, '15/10/2011'),
(481, 2011, 8, 'Desconocido', 'Rayo Vallecano', 'Espanyol', 0, 1, 0, '16/10/2011'),
(482, 2011, 8, 'Desconocido', 'Real Zaragoza', 'Real Sociedad', 2, 0, 0, '16/10/2011'),
(483, 2011, 8, 'Desconocido', 'Levante', 'Málaga', 3, 0, 0, '16/10/2011'),
(484, 2011, 8, 'Desconocido', 'Sevilla', 'Sporting de Gijón', 2, 1, 0, '16/10/2011'),
(485, 2011, 8, 'Desconocido', 'Athletic Club', 'Osasuna', 3, 1, 0, '17/10/2011'),
(486, 2011, 9, 'Desconocido', 'Sporting de Gijón', 'Granada', 2, 0, 0, '22/10/2011'),
(487, 2011, 9, 'Desconocido', 'Racing de Santander', 'Espanyol', 0, 1, 0, '22/10/2011'),
(488, 2011, 9, 'Desconocido', 'Málaga', 'Real Madrid', 0, 4, 0, '22/10/2011'),
(489, 2011, 9, 'Desconocido', 'Barcelona', 'Sevilla', 0, 0, 0, '22/10/2011'),
(490, 2011, 9, 'Desconocido', 'Betis', 'Rayo Vallecano', 0, 2, 0, '23/10/2011'),
(491, 2011, 9, 'Desconocido', 'Real Sociedad', 'Getafe', 0, 0, 0, '23/10/2011'),
(492, 2011, 9, 'Desconocido', 'Atlético de Madrid', 'Mallorca', 1, 1, 0, '23/10/2011'),
(493, 2011, 9, 'Desconocido', 'Osasuna', 'Real Zaragoza', 3, 0, 0, '23/10/2011'),
(494, 2011, 9, 'Desconocido', 'Valencia', 'Athletic Club', 1, 1, 0, '23/10/2011'),
(495, 2011, 9, 'Desconocido', 'Villarreal', 'Levante', 0, 3, 0, '23/10/2011'),
(496, 2011, 10, 'Desconocido', 'Granada', 'Barcelona', 0, 1, 0, '25/10/2011'),
(497, 2011, 10, 'Desconocido', 'Sevilla', 'Racing de Santander', 2, 2, 0, '25/10/2011'),
(498, 2011, 10, 'Desconocido', 'Real Zaragoza', 'Valencia', 0, 1, 0, '26/10/2011'),
(499, 2011, 10, 'Desconocido', 'Getafe', 'Osasuna', 2, 2, 0, '26/10/2011'),
(500, 2011, 10, 'Desconocido', 'Levante', 'Real Sociedad', 3, 2, 0, '26/10/2011'),
(501, 2011, 10, 'Desconocido', 'Rayo Vallecano', 'Málaga', 2, 0, 0, '26/10/2011'),
(502, 2011, 10, 'Desconocido', 'Mallorca', 'Sporting de Gijón', 1, 2, 0, '26/10/2011'),
(503, 2011, 10, 'Desconocido', 'Real Madrid', 'Villarreal', 3, 0, 0, '26/10/2011'),
(504, 2011, 10, 'Desconocido', 'Espanyol', 'Betis', 1, 0, 0, '27/10/2011'),
(505, 2011, 10, 'Desconocido', 'Athletic Club', 'Atlético de Madrid', 3, 0, 0, '27/10/2011'),
(506, 2011, 11, 'Desconocido', 'Valencia', 'Getafe', 3, 1, 0, '29/10/2011'),
(507, 2011, 11, 'Desconocido', 'Villarreal', 'Rayo Vallecano', 2, 0, 0, '29/10/2011'),
(508, 2011, 11, 'Desconocido', 'Barcelona', 'Mallorca', 5, 0, 0, '29/10/2011'),
(509, 2011, 11, 'Desconocido', 'Real Sociedad', 'Real Madrid', 0, 1, 0, '29/10/2011'),
(510, 2011, 11, 'Desconocido', 'Sporting de Gijón', 'Athletic Club', 1, 1, 0, '30/10/2011'),
(511, 2011, 11, 'Desconocido', 'Osasuna', 'Levante', 2, 0, 0, '30/10/2011'),
(512, 2011, 11, 'Desconocido', 'Racing de Santander', 'Betis', 1, 0, 0, '30/10/2011'),
(513, 2011, 11, 'Desconocido', 'Atlético de Madrid', 'Real Zaragoza', 3, 1, 0, '30/10/2011'),
(514, 2011, 11, 'Desconocido', 'Málaga', 'Espanyol', 2, 1, 0, '30/10/2011'),
(515, 2011, 11, 'Desconocido', 'Sevilla', 'Granada', 1, 2, 0, '31/10/2011'),
(516, 2011, 12, 'Desconocido', 'Mallorca', 'Sevilla', 0, 0, 0, '05/11/2011'),
(517, 2011, 12, 'Desconocido', 'Betis', 'Málaga', 0, 0, 0, '05/11/2011'),
(518, 2011, 12, 'Desconocido', 'Levante', 'Valencia', 0, 2, 0, '05/11/2011'),
(519, 2011, 12, 'Desconocido', 'Real Madrid', 'Osasuna', 7, 1, 0, '06/11/2011'),
(520, 2011, 12, 'Desconocido', 'Granada', 'Racing de Santander', 0, 0, 0, '06/11/2011'),
(521, 2011, 12, 'Desconocido', 'Real Zaragoza', 'Sporting de Gijón', 2, 2, 0, '06/11/2011'),
(522, 2011, 12, 'Desconocido', 'Rayo Vallecano', 'Real Sociedad', 4, 0, 0, '06/11/2011'),
(523, 2011, 12, 'Desconocido', 'Espanyol', 'Villarreal', 0, 0, 0, '06/11/2011'),
(524, 2011, 12, 'Desconocido', 'Athletic Club', 'Barcelona', 2, 2, 0, '06/11/2011'),
(525, 2011, 12, 'Desconocido', 'Getafe', 'Atlético de Madrid', 3, 2, 0, '06/11/2011'),
(526, 2011, 13, 'Desconocido', 'Villarreal', 'Betis', 1, 0, 0, '19/11/2011'),
(527, 2011, 13, 'Desconocido', 'Barcelona', 'Real Zaragoza', 4, 0, 0, '19/11/2011'),
(528, 2011, 13, 'Desconocido', 'Valencia', 'Real Madrid', 2, 3, 0, '19/11/2011'),
(529, 2011, 13, 'Desconocido', 'Real Sociedad', 'Espanyol', 0, 0, 0, '20/11/2011'),
(530, 2011, 13, 'Desconocido', 'Sporting de Gijón', 'Getafe', 2, 1, 0, '20/11/2011'),
(531, 2011, 13, 'Desconocido', 'Osasuna', 'Rayo Vallecano', 0, 0, 0, '20/11/2011'),
(532, 2011, 13, 'Desconocido', 'Sevilla', 'Athletic Club', 1, 2, 0, '20/11/2011'),
(533, 2011, 13, 'Desconocido', 'Atlético de Madrid', 'Levante', 3, 2, 0, '20/11/2011'),
(534, 2011, 13, 'Desconocido', 'Racing de Santander', 'Málaga', 1, 3, 0, '21/11/2011'),
(535, 2011, 13, 'Desconocido', 'Granada', 'Mallorca', 2, 2, 0, '07/12/2011'),
(536, 2011, 14, 'Desconocido', 'Rayo Vallecano', 'Valencia', 1, 2, 0, '26/11/2011'),
(537, 2011, 14, 'Desconocido', 'Real Madrid', 'Atlético de Madrid', 4, 1, 0, '26/11/2011'),
(538, 2011, 14, 'Desconocido', 'Getafe', 'Barcelona', 1, 0, 0, '26/11/2011'),
(539, 2011, 14, 'Desconocido', 'Betis', 'Real Sociedad', 2, 3, 0, '27/11/2011'),
(540, 2011, 14, 'Desconocido', 'Levante', 'Sporting de Gijón', 4, 0, 0, '27/11/2011'),
(541, 2011, 14, 'Desconocido', 'Mallorca', 'Racing de Santander', 2, 1, 0, '27/11/2011'),
(542, 2011, 14, 'Desconocido', 'Espanyol', 'Osasuna', 1, 2, 0, '27/11/2011'),
(543, 2011, 14, 'Desconocido', 'Athletic Club', 'Granada', 0, 1, 0, '27/11/2011'),
(544, 2011, 14, 'Desconocido', 'Real Zaragoza', 'Sevilla', 0, 1, 0, '27/11/2011'),
(545, 2011, 14, 'Desconocido', 'Málaga', 'Villarreal', 2, 1, 0, '28/11/2011'),
(546, 2011, 15, 'Desconocido', 'Sporting de Gijón', 'Real Madrid', 0, 3, 0, '03/12/2011'),
(547, 2011, 15, 'Desconocido', 'Racing de Santander', 'Villarreal', 1, 0, 0, '03/12/2011'),
(548, 2011, 15, 'Desconocido', 'Barcelona', 'Levante', 5, 0, 0, '03/12/2011'),
(549, 2011, 15, 'Desconocido', 'Valencia', 'Espanyol', 2, 1, 0, '03/12/2011'),
(550, 2011, 15, 'Desconocido', 'Atlético de Madrid', 'Rayo Vallecano', 3, 1, 0, '04/12/2011'),
(551, 2011, 15, 'Desconocido', 'Real Sociedad', 'Málaga', 3, 2, 0, '04/12/2011'),
(552, 2011, 15, 'Desconocido', 'Osasuna', 'Betis', 2, 1, 0, '04/12/2011'),
(553, 2011, 15, 'Desconocido', 'Mallorca', 'Athletic Club', 1, 1, 0, '04/12/2011'),
(554, 2011, 15, 'Desconocido', 'Granada', 'Real Zaragoza', 1, 0, 0, '04/12/2011'),
(555, 2011, 15, 'Desconocido', 'Sevilla', 'Getafe', 3, 0, 0, '05/12/2011'),
(556, 2011, 16, 'Desconocido', 'Levante', 'Sevilla', 1, 0, 0, '10/12/2011'),
(557, 2011, 16, 'Desconocido', 'Betis', 'Valencia', 2, 1, 0, '10/12/2011'),
(558, 2011, 16, 'Desconocido', 'Real Madrid', 'Barcelona', 1, 3, 0, '10/12/2011'),
(559, 2011, 16, 'Desconocido', 'Rayo Vallecano', 'Sporting de Gijón', 1, 3, 0, '11/12/2011'),
(560, 2011, 16, 'Desconocido', 'Getafe', 'Granada', 1, 0, 0, '11/12/2011'),
(561, 2011, 16, 'Desconocido', 'Villarreal', 'Real Sociedad', 1, 1, 0, '11/12/2011'),
(562, 2011, 16, 'Desconocido', 'Real Zaragoza', 'Mallorca', 0, 1, 0, '11/12/2011'),
(563, 2011, 16, 'Desconocido', 'Málaga', 'Osasuna', 1, 1, 0, '11/12/2011'),
(564, 2011, 16, 'Desconocido', 'Athletic Club', 'Racing de Santander', 1, 1, 0, '11/12/2011'),
(565, 2011, 16, 'Desconocido', 'Espanyol', 'Atlético de Madrid', 4, 2, 0, '11/12/2011'),
(566, 2011, 17, 'Desconocido', 'Barcelona', 'Rayo Vallecano', 4, 0, 0, '29/11/2011'),
(567, 2011, 17, 'Desconocido', 'Mallorca', 'Getafe', 1, 2, 0, '17/12/2011'),
(568, 2011, 17, 'Desconocido', 'Sporting de Gijón', 'Espanyol', 1, 2, 0, '17/12/2011'),
(569, 2011, 17, 'Desconocido', 'Athletic Club', 'Real Zaragoza', 2, 1, 0, '17/12/2011'),
(570, 2011, 17, 'Desconocido', 'Sevilla', 'Real Madrid', 2, 6, 0, '17/12/2011'),
(571, 2011, 17, 'Desconocido', 'Atlético de Madrid', 'Betis', 0, 2, 0, '18/12/2011'),
(572, 2011, 17, 'Desconocido', 'Granada', 'Levante', 2, 1, 0, '18/12/2011'),
(573, 2011, 17, 'Desconocido', 'Osasuna', 'Villarreal', 2, 1, 0, '18/12/2011'),
(574, 2011, 17, 'Desconocido', 'Racing de Santander', 'Real Sociedad', 0, 0, 0, '18/12/2011'),
(575, 2011, 17, 'Desconocido', 'Valencia', 'Málaga', 2, 0, 0, '18/12/2011'),
(576, 2011, 18, 'Desconocido', 'Racing de Santander', 'Real Zaragoza', 1, 0, 0, '07/01/2012'),
(577, 2011, 18, 'Desconocido', 'Levante', 'Mallorca', 0, 0, 0, '07/01/2012'),
(578, 2011, 18, 'Desconocido', 'Real Sociedad', 'Osasuna', 0, 0, 0, '07/01/2012'),
(579, 2011, 18, 'Desconocido', 'Real Madrid', 'Granada', 5, 1, 0, '07/01/2012'),
(580, 2011, 18, 'Desconocido', 'Málaga', 'Atlético de Madrid', 0, 0, 0, '07/01/2012'),
(581, 2011, 18, 'Desconocido', 'Rayo Vallecano', 'Sevilla', 2, 1, 0, '08/01/2012'),
(582, 2011, 18, 'Desconocido', 'Getafe', 'Athletic Club', 0, 0, 0, '08/01/2012'),
(583, 2011, 18, 'Desconocido', 'Villarreal', 'Valencia', 2, 2, 0, '08/01/2012'),
(584, 2011, 18, 'Desconocido', 'Betis', 'Sporting de Gijón', 2, 0, 0, '08/01/2012'),
(585, 2011, 18, 'Desconocido', 'Espanyol', 'Barcelona', 1, 1, 0, '08/01/2012'),
(586, 2011, 19, 'Desconocido', 'Real Zaragoza', 'Getafe', 1, 1, 0, '14/01/2012'),
(587, 2011, 19, 'Desconocido', 'Granada', 'Rayo Vallecano', 1, 2, 0, '14/01/2012'),
(588, 2011, 19, 'Desconocido', 'Sevilla', 'Espanyol', 0, 0, 0, '14/01/2012'),
(589, 2011, 19, 'Desconocido', 'Mallorca', 'Real Madrid', 1, 2, 0, '14/01/2012'),
(590, 2011, 19, 'Desconocido', 'Valencia', 'Real Sociedad', 0, 1, 0, '14/01/2012'),
(591, 2011, 19, 'Desconocido', 'Atlético de Madrid', 'Villarreal', 3, 0, 0, '15/01/2012'),
(592, 2011, 19, 'Desconocido', 'Osasuna', 'Racing de Santander', 0, 2, 0, '15/01/2012'),
(593, 2011, 19, 'Desconocido', 'Athletic Club', 'Levante', 3, 0, 0, '15/01/2012'),
(594, 2011, 19, 'Desconocido', 'Sporting de Gijón', 'Málaga', 2, 1, 0, '15/01/2012'),
(595, 2011, 19, 'Desconocido', 'Barcelona', 'Betis', 4, 2, 0, '15/01/2012'),
(596, 2011, 20, 'Desconocido', 'Getafe', 'Racing de Santander', 1, 1, 0, '01/05/2012'),
(597, 2011, 20, 'Desconocido', 'Granada', 'Espanyol', 2, 1, 0, '01/05/2012'),
(598, 2011, 20, 'Desconocido', 'Sporting de Gijón', 'Villarreal', 2, 3, 0, '01/05/2012'),
(599, 2011, 20, 'Desconocido', 'Atlético de Madrid', 'Real Sociedad', 1, 1, 0, '02/05/2012'),
(600, 2011, 20, 'Desconocido', 'Barcelona', 'Málaga', 4, 1, 0, '02/05/2012'),
(601, 2011, 20, 'Desconocido', 'Sevilla', 'Betis', 1, 2, 0, '02/05/2012'),
(602, 2011, 20, 'Desconocido', 'Mallorca', 'Rayo Vallecano', 1, 0, 0, '02/05/2012'),
(603, 2011, 20, 'Desconocido', 'Real Zaragoza', 'Levante', 1, 0, 0, '02/05/2012'),
(604, 2011, 20, 'Desconocido', 'Valencia', 'Osasuna', 4, 0, 0, '02/05/2012'),
(605, 2011, 20, 'Desconocido', 'Athletic Club', 'Real Madrid', 0, 3, 0, '02/05/2012'),
(606, 2011, 21, 'Desconocido', 'Espanyol', 'Mallorca', 1, 0, 0, '28/01/2012'),
(607, 2011, 21, 'Desconocido', 'Rayo Vallecano', 'Athletic Club', 2, 3, 0, '28/01/2012'),
(608, 2011, 21, 'Desconocido', 'Real Madrid', 'Real Zaragoza', 3, 1, 0, '28/01/2012'),
(609, 2011, 21, 'Desconocido', 'Villarreal', 'Barcelona', 0, 0, 0, '28/01/2012'),
(610, 2011, 21, 'Desconocido', 'Betis', 'Granada', 1, 2, 0, '29/01/2012'),
(611, 2011, 21, 'Desconocido', 'Real Sociedad', 'Sporting de Gijón', 5, 1, 0, '29/01/2012'),
(612, 2011, 21, 'Desconocido', 'Levante', 'Getafe', 1, 2, 0, '29/01/2012'),
(613, 2011, 21, 'Desconocido', 'Racing de Santander', 'Valencia', 2, 2, 0, '29/01/2012');
INSERT INTO `acta` (`IDActa`, `Temporada`, `NumeroJornada`, `NombreEstadio`, `NombreEquipoLocal`, `NombreEquipoVisitante`, `GolesLocal`, `GolesVisitante`, `NumeroColegiado`, `FechaPartido`) VALUES
(614, 2011, 21, 'Desconocido', 'Málaga', 'Sevilla', 2, 1, 0, '29/01/2012'),
(615, 2011, 21, 'Desconocido', 'Osasuna', 'Atlético de Madrid', 0, 1, 0, '30/01/2012'),
(616, 2011, 22, 'Desconocido', 'Mallorca', 'Betis', 1, 0, 0, '04/02/2012'),
(617, 2011, 22, 'Desconocido', 'Athletic Club', 'Espanyol', 3, 3, 0, '04/02/2012'),
(618, 2011, 22, 'Desconocido', 'Levante', 'Racing de Santander', 1, 1, 0, '04/02/2012'),
(619, 2011, 22, 'Desconocido', 'Getafe', 'Real Madrid', 0, 1, 0, '04/02/2012'),
(620, 2011, 22, 'Desconocido', 'Barcelona', 'Real Sociedad', 2, 1, 0, '04/02/2012'),
(621, 2011, 22, 'Desconocido', 'Sporting de Gijón', 'Osasuna', 1, 1, 0, '05/02/2012'),
(622, 2011, 22, 'Desconocido', 'Sevilla', 'Villarreal', 1, 2, 0, '05/02/2012'),
(623, 2011, 22, 'Desconocido', 'Real Zaragoza', 'Rayo Vallecano', 1, 2, 0, '05/02/2012'),
(624, 2011, 22, 'Desconocido', 'Atlético de Madrid', 'Valencia', 0, 0, 0, '05/02/2012'),
(625, 2011, 22, 'Desconocido', 'Granada', 'Málaga', 2, 1, 0, '06/02/2012'),
(626, 2011, 23, 'Desconocido', 'Racing de Santander', 'Atlético de Madrid', 0, 0, 0, '11/02/2012'),
(627, 2011, 23, 'Desconocido', 'Osasuna', 'Barcelona', 3, 2, 0, '11/02/2012'),
(628, 2011, 23, 'Desconocido', 'Betis', 'Athletic Club', 2, 1, 0, '11/02/2012'),
(629, 2011, 23, 'Desconocido', 'Espanyol', 'Real Zaragoza', 0, 2, 0, '12/02/2012'),
(630, 2011, 23, 'Desconocido', 'Málaga', 'Mallorca', 3, 1, 0, '12/02/2012'),
(631, 2011, 23, 'Desconocido', 'Rayo Vallecano', 'Getafe', 2, 0, 0, '12/02/2012'),
(632, 2011, 23, 'Desconocido', 'Valencia', 'Sporting de Gijón', 4, 0, 0, '12/02/2012'),
(633, 2011, 23, 'Desconocido', 'Villarreal', 'Granada', 3, 1, 0, '12/02/2012'),
(634, 2011, 23, 'Desconocido', 'Real Madrid', 'Levante', 4, 2, 0, '12/02/2012'),
(635, 2011, 23, 'Desconocido', 'Real Sociedad', 'Sevilla', 2, 0, 0, '13/02/2012'),
(636, 2011, 24, 'Desconocido', 'Getafe', 'Espanyol', 1, 1, 0, '18/02/2012'),
(637, 2011, 24, 'Desconocido', 'Real Madrid', 'Racing de Santander', 4, 0, 0, '18/02/2012'),
(638, 2011, 24, 'Desconocido', 'Sevilla', 'Osasuna', 2, 0, 0, '18/02/2012'),
(639, 2011, 24, 'Desconocido', 'Granada', 'Real Sociedad', 4, 1, 0, '19/02/2012'),
(640, 2011, 24, 'Desconocido', 'Athletic Club', 'Málaga', 3, 0, 0, '19/02/2012'),
(641, 2011, 24, 'Desconocido', 'Sporting de Gijón', 'Atlético de Madrid', 1, 1, 0, '19/02/2012'),
(642, 2011, 24, 'Desconocido', 'Mallorca', 'Villarreal', 4, 0, 0, '19/02/2012'),
(643, 2011, 24, 'Desconocido', 'Levante', 'Rayo Vallecano', 3, 5, 0, '19/02/2012'),
(644, 2011, 24, 'Desconocido', 'Barcelona', 'Valencia', 5, 1, 0, '19/02/2012'),
(645, 2011, 24, 'Desconocido', 'Real Zaragoza', 'Betis', 0, 2, 0, '20/02/2012'),
(646, 2011, 25, 'Desconocido', 'Racing de Santander', 'Sporting de Gijón', 1, 1, 0, '25/02/2012'),
(647, 2011, 25, 'Desconocido', 'Betis', 'Getafe', 1, 1, 0, '25/02/2012'),
(648, 2011, 25, 'Desconocido', 'Málaga', 'Real Zaragoza', 5, 1, 0, '25/02/2012'),
(649, 2011, 25, 'Desconocido', 'Espanyol', 'Levante', 1, 2, 0, '25/02/2012'),
(650, 2011, 25, 'Desconocido', 'Villarreal', 'Athletic Club', 2, 2, 0, '26/02/2012'),
(651, 2011, 25, 'Desconocido', 'Rayo Vallecano', 'Real Madrid', 0, 1, 0, '26/02/2012'),
(652, 2011, 25, 'Desconocido', 'Valencia', 'Sevilla', 1, 2, 0, '26/02/2012'),
(653, 2011, 25, 'Desconocido', 'Osasuna', 'Granada', 2, 1, 0, '26/02/2012'),
(654, 2011, 25, 'Desconocido', 'Real Sociedad', 'Mallorca', 1, 0, 0, '26/02/2012'),
(655, 2011, 25, 'Desconocido', 'Atlético de Madrid', 'Barcelona', 1, 2, 0, '26/02/2012'),
(656, 2011, 26, 'Desconocido', 'Mallorca', 'Osasuna', 1, 1, 0, '03/03/2012'),
(657, 2011, 26, 'Desconocido', 'Getafe', 'Málaga', 1, 3, 0, '03/03/2012'),
(658, 2011, 26, 'Desconocido', 'Rayo Vallecano', 'Racing de Santander', 4, 2, 0, '03/03/2012'),
(659, 2011, 26, 'Desconocido', 'Barcelona', 'Sporting de Gijón', 3, 1, 0, '03/03/2012'),
(660, 2011, 26, 'Desconocido', 'Sevilla', 'Atlético de Madrid', 1, 1, 0, '03/03/2012'),
(661, 2011, 26, 'Desconocido', 'Real Zaragoza', 'Villarreal', 2, 1, 0, '04/03/2012'),
(662, 2011, 26, 'Desconocido', 'Athletic Club', 'Real Sociedad', 2, 0, 0, '04/03/2012'),
(663, 2011, 26, 'Desconocido', 'Granada', 'Valencia', 0, 1, 0, '04/03/2012'),
(664, 2011, 26, 'Desconocido', 'Real Madrid', 'Espanyol', 5, 0, 0, '04/03/2012'),
(665, 2011, 26, 'Desconocido', 'Levante', 'Betis', 3, 1, 0, '05/03/2012'),
(666, 2011, 27, 'Desconocido', 'Real Sociedad', 'Real Zaragoza', 3, 0, 0, '10/03/2012'),
(667, 2011, 27, 'Desconocido', 'Málaga', 'Levante', 1, 0, 0, '10/03/2012'),
(668, 2011, 27, 'Desconocido', 'Sporting de Gijón', 'Sevilla', 1, 0, 0, '10/03/2012'),
(669, 2011, 27, 'Desconocido', 'Betis', 'Real Madrid', 2, 3, 0, '10/03/2012'),
(670, 2011, 27, 'Desconocido', 'Atlético de Madrid', 'Granada', 2, 0, 0, '11/03/2012'),
(671, 2011, 27, 'Desconocido', 'Espanyol', 'Rayo Vallecano', 5, 1, 0, '11/03/2012'),
(672, 2011, 27, 'Desconocido', 'Valencia', 'Mallorca', 2, 2, 0, '11/03/2012'),
(673, 2011, 27, 'Desconocido', 'Racing de Santander', 'Barcelona', 0, 2, 0, '11/03/2012'),
(674, 2011, 27, 'Desconocido', 'Osasuna', 'Athletic Club', 2, 1, 0, '11/03/2012'),
(675, 2011, 27, 'Desconocido', 'Villarreal', 'Getafe', 1, 2, 0, '12/03/2012'),
(676, 2011, 28, 'Desconocido', 'Granada', 'Sporting de Gijón', 2, 1, 0, '17/03/2012'),
(677, 2011, 28, 'Desconocido', 'Real Zaragoza', 'Osasuna', 1, 1, 0, '17/03/2012'),
(678, 2011, 28, 'Desconocido', 'Getafe', 'Real Sociedad', 1, 0, 0, '17/03/2012'),
(679, 2011, 28, 'Desconocido', 'Sevilla', 'Barcelona', 0, 2, 0, '17/03/2012'),
(680, 2011, 28, 'Desconocido', 'Rayo Vallecano', 'Betis', 3, 0, 0, '17/03/2012'),
(681, 2011, 28, 'Desconocido', 'Levante', 'Villarreal', 1, 0, 0, '18/03/2012'),
(682, 2011, 28, 'Desconocido', 'Mallorca', 'Atlético de Madrid', 2, 1, 0, '18/03/2012'),
(683, 2011, 28, 'Desconocido', 'Athletic Club', 'Valencia', 0, 3, 0, '18/03/2012'),
(684, 2011, 28, 'Desconocido', 'Real Madrid', 'Málaga', 1, 1, 0, '18/03/2012'),
(685, 2011, 28, 'Desconocido', 'Espanyol', 'Racing de Santander', 3, 1, 0, '19/03/2012'),
(686, 2011, 29, 'Desconocido', 'Osasuna', 'Getafe', 0, 0, 0, '20/03/2012'),
(687, 2011, 29, 'Desconocido', 'Barcelona', 'Granada', 5, 3, 0, '20/03/2012'),
(688, 2011, 29, 'Desconocido', 'Sporting de Gijón', 'Mallorca', 2, 3, 0, '21/03/2012'),
(689, 2011, 29, 'Desconocido', 'Atlético de Madrid', 'Athletic Club', 2, 1, 0, '21/03/2012'),
(690, 2011, 29, 'Desconocido', 'Valencia', 'Real Zaragoza', 1, 2, 0, '21/03/2012'),
(691, 2011, 29, 'Desconocido', 'Real Sociedad', 'Levante', 1, 3, 0, '21/03/2012'),
(692, 2011, 29, 'Desconocido', 'Villarreal', 'Real Madrid', 1, 1, 0, '21/03/2012'),
(693, 2011, 29, 'Desconocido', 'Racing de Santander', 'Sevilla', 0, 3, 0, '22/03/2012'),
(694, 2011, 29, 'Desconocido', 'Betis', 'Espanyol', 1, 1, 0, '22/03/2012'),
(695, 2011, 29, 'Desconocido', 'Málaga', 'Rayo Vallecano', 4, 2, 0, '22/03/2012'),
(696, 2011, 30, 'Desconocido', 'Mallorca', 'Barcelona', 0, 2, 0, '24/03/2012'),
(697, 2011, 30, 'Desconocido', 'Real Madrid', 'Real Sociedad', 5, 1, 0, '24/03/2012'),
(698, 2011, 30, 'Desconocido', 'Getafe', 'Valencia', 3, 1, 0, '24/03/2012'),
(699, 2011, 30, 'Desconocido', 'Real Zaragoza', 'Atlético de Madrid', 1, 0, 0, '25/03/2012'),
(700, 2011, 30, 'Desconocido', 'Levante', 'Osasuna', 0, 2, 0, '25/03/2012'),
(701, 2011, 30, 'Desconocido', 'Espanyol', 'Málaga', 1, 2, 0, '25/03/2012'),
(702, 2011, 30, 'Desconocido', 'Athletic Club', 'Sporting de Gijón', 1, 1, 0, '25/03/2012'),
(703, 2011, 30, 'Desconocido', 'Rayo Vallecano', 'Villarreal', 0, 2, 0, '25/03/2012'),
(704, 2011, 30, 'Desconocido', 'Betis', 'Racing de Santander', 1, 1, 0, '25/03/2012'),
(705, 2011, 30, 'Desconocido', 'Granada', 'Sevilla', 0, 3, 0, '26/03/2012'),
(706, 2011, 31, 'Desconocido', 'Racing de Santander', 'Granada', 0, 1, 0, '31/03/2012'),
(707, 2011, 31, 'Desconocido', 'Sporting de Gijón', 'Real Zaragoza', 1, 2, 0, '31/03/2012'),
(708, 2011, 31, 'Desconocido', 'Osasuna', 'Real Madrid', 1, 5, 0, '31/03/2012'),
(709, 2011, 31, 'Desconocido', 'Barcelona', 'Athletic Club', 2, 0, 0, '31/03/2012'),
(710, 2011, 31, 'Desconocido', 'Málaga', 'Betis', 0, 2, 0, '31/03/2012'),
(711, 2011, 31, 'Desconocido', 'Atlético de Madrid', 'Getafe', 3, 0, 0, '01/04/2012'),
(712, 2011, 31, 'Desconocido', 'Valencia', 'Levante', 1, 1, 0, '01/04/2012'),
(713, 2011, 31, 'Desconocido', 'Real Sociedad', 'Rayo Vallecano', 4, 0, 0, '01/04/2012'),
(714, 2011, 31, 'Desconocido', 'Villarreal', 'Espanyol', 0, 0, 0, '01/04/2012'),
(715, 2011, 31, 'Desconocido', 'Sevilla', 'Mallorca', 3, 1, 0, '02/04/2012'),
(716, 2011, 32, 'Desconocido', 'Getafe', 'Sporting de Gijón', 2, 0, 0, '07/04/2012'),
(717, 2011, 32, 'Desconocido', 'Rayo Vallecano', 'Osasuna', 6, 0, 0, '07/04/2012'),
(718, 2011, 32, 'Desconocido', 'Espanyol', 'Real Sociedad', 2, 2, 0, '07/04/2012'),
(719, 2011, 32, 'Desconocido', 'Real Zaragoza', 'Barcelona', 1, 4, 0, '07/04/2012'),
(720, 2011, 32, 'Desconocido', 'Betis', 'Villarreal', 3, 1, 0, '07/04/2012'),
(721, 2011, 32, 'Desconocido', 'Levante', 'Atlético de Madrid', 2, 0, 0, '08/04/2012'),
(722, 2011, 32, 'Desconocido', 'Mallorca', 'Granada', 0, 0, 0, '08/04/2012'),
(723, 2011, 32, 'Desconocido', 'Athletic Club', 'Sevilla', 1, 0, 0, '08/04/2012'),
(724, 2011, 32, 'Desconocido', 'Real Madrid', 'Valencia', 0, 0, 0, '08/04/2012'),
(725, 2011, 32, 'Desconocido', 'Málaga', 'Racing de Santander', 3, 0, 0, '09/04/2012'),
(726, 2011, 33, 'Desconocido', 'Osasuna', 'Espanyol', 2, 0, 0, '10/04/2012'),
(727, 2011, 33, 'Desconocido', 'Real Sociedad', 'Betis', 1, 1, 0, '10/04/2012'),
(728, 2011, 33, 'Desconocido', 'Barcelona', 'Getafe', 4, 0, 0, '10/04/2012'),
(729, 2011, 33, 'Desconocido', 'Granada', 'Athletic Club', 2, 2, 0, '11/04/2012'),
(730, 2011, 33, 'Desconocido', 'Sporting de Gijón', 'Levante', 3, 2, 0, '11/04/2012'),
(731, 2011, 33, 'Desconocido', 'Valencia', 'Rayo Vallecano', 4, 1, 0, '11/04/2012'),
(732, 2011, 33, 'Desconocido', 'Atlético de Madrid', 'Real Madrid', 1, 4, 0, '11/04/2012'),
(733, 2011, 33, 'Desconocido', 'Villarreal', 'Málaga', 2, 1, 0, '12/04/2012'),
(734, 2011, 33, 'Desconocido', 'Racing de Santander', 'Mallorca', 0, 3, 0, '12/04/2012'),
(735, 2011, 33, 'Desconocido', 'Sevilla', 'Real Zaragoza', 3, 0, 0, '12/04/2012'),
(736, 2011, 34, 'Desconocido', 'Real Madrid', 'Sporting de Gijón', 3, 1, 0, '14/04/2012'),
(737, 2011, 34, 'Desconocido', 'Levante', 'Barcelona', 1, 2, 0, '14/04/2012'),
(738, 2011, 34, 'Desconocido', 'Espanyol', 'Valencia', 4, 0, 0, '15/04/2012'),
(739, 2011, 34, 'Desconocido', 'Real Zaragoza', 'Granada', 1, 0, 0, '15/04/2012'),
(740, 2011, 34, 'Desconocido', 'Betis', 'Osasuna', 1, 0, 0, '15/04/2012'),
(741, 2011, 34, 'Desconocido', 'Málaga', 'Real Sociedad', 1, 1, 0, '15/04/2012'),
(742, 2011, 34, 'Desconocido', 'Villarreal', 'Racing de Santander', 1, 1, 0, '15/04/2012'),
(743, 2011, 34, 'Desconocido', 'Athletic Club', 'Mallorca', 1, 0, 0, '15/04/2012'),
(744, 2011, 34, 'Desconocido', 'Rayo Vallecano', 'Atlético de Madrid', 0, 1, 0, '15/04/2012'),
(745, 2011, 34, 'Desconocido', 'Getafe', 'Sevilla', 5, 1, 0, '16/04/2012'),
(746, 2011, 35, 'Desconocido', 'Mallorca', 'Real Zaragoza', 1, 0, 0, '21/04/2012'),
(747, 2011, 35, 'Desconocido', 'Sporting de Gijón', 'Rayo Vallecano', 2, 1, 0, '21/04/2012'),
(748, 2011, 35, 'Desconocido', 'Barcelona', 'Real Madrid', 1, 2, 0, '21/04/2012'),
(749, 2011, 35, 'Desconocido', 'Sevilla', 'Levante', 1, 1, 0, '21/04/2012'),
(750, 2011, 35, 'Desconocido', 'Granada', 'Getafe', 1, 0, 0, '22/04/2012'),
(751, 2011, 35, 'Desconocido', 'Real Sociedad', 'Villarreal', 1, 1, 0, '22/04/2012'),
(752, 2011, 35, 'Desconocido', 'Racing de Santander', 'Athletic Club', 0, 1, 0, '22/04/2012'),
(753, 2011, 35, 'Desconocido', 'Atlético de Madrid', 'Espanyol', 3, 1, 0, '22/04/2012'),
(754, 2011, 35, 'Desconocido', 'Valencia', 'Betis', 4, 0, 0, '22/04/2012'),
(755, 2011, 35, 'Desconocido', 'Osasuna', 'Málaga', 1, 1, 0, '23/04/2012'),
(756, 2011, 36, 'Desconocido', 'Getafe', 'Mallorca', 1, 3, 0, '28/04/2012'),
(757, 2011, 36, 'Desconocido', 'Levante', 'Granada', 3, 1, 0, '28/04/2012'),
(758, 2011, 36, 'Desconocido', 'Espanyol', 'Sporting de Gijón', 0, 3, 0, '28/04/2012'),
(759, 2011, 36, 'Desconocido', 'Real Sociedad', 'Racing de Santander', 3, 0, 0, '28/04/2012'),
(760, 2011, 36, 'Desconocido', 'Villarreal', 'Osasuna', 1, 1, 0, '28/04/2012'),
(761, 2011, 36, 'Desconocido', 'Real Madrid', 'Sevilla', 3, 0, 0, '29/04/2012'),
(762, 2011, 36, 'Desconocido', 'Real Zaragoza', 'Athletic Club', 2, 0, 0, '29/04/2012'),
(763, 2011, 36, 'Desconocido', 'Málaga', 'Valencia', 1, 0, 0, '29/04/2012'),
(764, 2011, 36, 'Desconocido', 'Betis', 'Atlético de Madrid', 2, 2, 0, '29/04/2012'),
(765, 2011, 36, 'Desconocido', 'Rayo Vallecano', 'Barcelona', 0, 7, 0, '29/04/2012'),
(766, 2011, 37, 'Desconocido', 'Real Zaragoza', 'Racing de Santander', 2, 1, 0, '05/05/2012'),
(767, 2011, 37, 'Desconocido', 'Athletic Club', 'Getafe', 0, 0, 0, '05/05/2012'),
(768, 2011, 37, 'Desconocido', 'Mallorca', 'Levante', 1, 0, 0, '05/05/2012'),
(769, 2011, 37, 'Desconocido', 'Granada', 'Real Madrid', 1, 2, 0, '05/05/2012'),
(770, 2011, 37, 'Desconocido', 'Sevilla', 'Rayo Vallecano', 5, 2, 0, '05/05/2012'),
(771, 2011, 37, 'Desconocido', 'Barcelona', 'Espanyol', 4, 0, 0, '05/05/2012'),
(772, 2011, 37, 'Desconocido', 'Sporting de Gijón', 'Betis', 2, 1, 0, '05/05/2012'),
(773, 2011, 37, 'Desconocido', 'Atlético de Madrid', 'Málaga', 2, 1, 0, '05/05/2012'),
(774, 2011, 37, 'Desconocido', 'Valencia', 'Villarreal', 1, 0, 0, '05/05/2012'),
(775, 2011, 37, 'Desconocido', 'Osasuna', 'Real Sociedad', 1, 0, 0, '05/05/2012'),
(776, 2011, 38, 'Desconocido', 'Real Sociedad', 'Valencia', 1, 0, 0, '12/05/2012'),
(777, 2011, 38, 'Desconocido', 'Betis', 'Barcelona', 2, 2, 0, '12/05/2012'),
(778, 2011, 38, 'Desconocido', 'Getafe', 'Real Zaragoza', 0, 2, 0, '13/05/2012'),
(779, 2011, 38, 'Desconocido', 'Levante', 'Athletic Club', 3, 0, 0, '13/05/2012'),
(780, 2011, 38, 'Desconocido', 'Real Madrid', 'Mallorca', 4, 1, 0, '13/05/2012'),
(781, 2011, 38, 'Desconocido', 'Rayo Vallecano', 'Granada', 1, 0, 0, '13/05/2012'),
(782, 2011, 38, 'Desconocido', 'Espanyol', 'Sevilla', 1, 1, 0, '13/05/2012'),
(783, 2011, 38, 'Desconocido', 'Málaga', 'Sporting de Gijón', 1, 0, 0, '13/05/2012'),
(784, 2011, 38, 'Desconocido', 'Villarreal', 'Atlético de Madrid', 0, 1, 0, '13/05/2012'),
(785, 2011, 38, 'Desconocido', 'Racing de Santander', 'Osasuna', 2, 4, 0, '13/05/2012'),
(786, 2010, 38, 'Desconocido', 'Real Madrid', 'Almería', 8, 1, 0, '21/05/2011'),
(787, 2010, 38, 'Desconocido', 'Osasuna', 'Villarreal', 1, 0, 0, '21/05/2011'),
(788, 2010, 38, 'Desconocido', 'Real Sociedad', 'Getafe', 1, 1, 0, '21/05/2011'),
(789, 2010, 38, 'Desconocido', 'Espanyol', 'Sevilla', 2, 3, 0, '21/05/2011'),
(790, 2010, 38, 'Desconocido', 'Levante', 'Real Zaragoza', 1, 2, 0, '21/05/2011'),
(791, 2010, 38, 'Desconocido', 'Deportivo de La Coru', 'Valencia', 0, 2, 0, '21/05/2011'),
(792, 2010, 38, 'Desconocido', 'Málaga', 'Barcelona', 1, 3, 0, '21/05/2011'),
(793, 2010, 38, 'Desconocido', 'Racing de Santander', 'Athletic Club', 1, 2, 0, '21/05/2011'),
(794, 2010, 38, 'Desconocido', 'Hércules', 'Sporting de Gijón', 0, 0, 0, '21/05/2011'),
(795, 2010, 38, 'Desconocido', 'Mallorca', 'Atlético de Madrid', 3, 4, 0, '21/05/2011'),
(796, 2010, 1, 'Desconocido', 'Hércules', 'Athletic Club', 0, 1, 0, '28/08/2010'),
(797, 2010, 1, 'Desconocido', 'Levante', 'Sevilla', 1, 4, 0, '28/08/2010'),
(798, 2010, 1, 'Desconocido', 'Málaga', 'Valencia', 1, 3, 0, '28/08/2010'),
(799, 2010, 1, 'Desconocido', 'Deportivo de La Coru', 'Real Zaragoza', 0, 0, 0, '29/08/2010'),
(800, 2010, 1, 'Desconocido', 'Espanyol', 'Getafe', 3, 1, 0, '29/08/2010'),
(801, 2010, 1, 'Desconocido', 'Mallorca', 'Real Madrid', 0, 0, 0, '29/08/2010'),
(802, 2010, 1, 'Desconocido', 'Osasuna', 'Almería', 0, 0, 0, '29/08/2010'),
(803, 2010, 1, 'Desconocido', 'Racing de Santander', 'Barcelona', 0, 3, 0, '29/08/2010'),
(804, 2010, 1, 'Desconocido', 'Real Sociedad', 'Villarreal', 1, 0, 0, '29/08/2010'),
(805, 2010, 1, 'Desconocido', 'Atlético de Madrid', 'Sporting de Gijón', 4, 0, 0, '30/08/2010'),
(806, 2010, 2, 'Desconocido', 'Sporting de Gijón', 'Mallorca', 2, 0, 0, '12/09/2010'),
(807, 2010, 2, 'Desconocido', 'Athletic Club', 'Atlético de Madrid', 1, 2, 0, '11/09/2010'),
(808, 2010, 2, 'Desconocido', 'Barcelona', 'Hércules', 0, 2, 0, '11/09/2010'),
(809, 2010, 2, 'Desconocido', 'Valencia', 'Racing de Santander', 1, 0, 0, '11/09/2010'),
(810, 2010, 2, 'Desconocido', 'Real Zaragoza', 'Málaga', 3, 5, 0, '12/09/2010'),
(811, 2010, 2, 'Desconocido', 'Sevilla', 'Deportivo de La Coru', 0, 0, 0, '12/09/2010'),
(812, 2010, 2, 'Desconocido', 'Getafe', 'Levante', 4, 1, 0, '12/09/2010'),
(813, 2010, 2, 'Desconocido', 'Villarreal', 'Espanyol', 4, 0, 0, '12/09/2010'),
(814, 2010, 2, 'Desconocido', 'Almería', 'Real Sociedad', 2, 2, 0, '13/09/2010'),
(815, 2010, 2, 'Desconocido', 'Real Madrid', 'Osasuna', 1, 0, 0, '11/09/2010'),
(816, 2010, 3, 'Desconocido', 'Sporting de Gijón', 'Athletic Club', 2, 2, 0, '18/09/2010'),
(817, 2010, 3, 'Desconocido', 'Atlético de Madrid', 'Barcelona', 1, 2, 0, '19/09/2010'),
(818, 2010, 3, 'Desconocido', 'Hércules', 'Valencia', 1, 2, 0, '19/09/2010'),
(819, 2010, 3, 'Desconocido', 'Racing de Santander', 'Real Zaragoza', 2, 0, 0, '19/09/2010'),
(820, 2010, 3, 'Desconocido', 'Málaga', 'Sevilla', 1, 2, 0, '19/09/2010'),
(821, 2010, 3, 'Desconocido', 'Deportivo de La Coru', 'Getafe', 2, 2, 0, '20/09/2010'),
(822, 2010, 3, 'Desconocido', 'Levante', 'Villarreal', 1, 2, 0, '19/09/2010'),
(823, 2010, 3, 'Desconocido', 'Espanyol', 'Almería', 1, 0, 0, '18/09/2010'),
(824, 2010, 3, 'Desconocido', 'Real Sociedad', 'Real Madrid', 1, 2, 0, '18/09/2010'),
(825, 2010, 3, 'Desconocido', 'Mallorca', 'Osasuna', 2, 0, 0, '18/09/2010'),
(826, 2010, 4, 'Desconocido', 'Athletic Club', 'Mallorca', 3, 0, 0, '21/09/2010'),
(827, 2010, 4, 'Desconocido', 'Barcelona', 'Sporting de Gijón', 1, 0, 0, '22/09/2010'),
(828, 2010, 4, 'Desconocido', 'Valencia', 'Atlético de Madrid', 1, 1, 0, '22/09/2010'),
(829, 2010, 4, 'Desconocido', 'Real Zaragoza', 'Hércules', 0, 0, 0, '22/09/2010'),
(830, 2010, 4, 'Desconocido', 'Sevilla', 'Racing de Santander', 1, 1, 0, '23/09/2010'),
(831, 2010, 4, 'Desconocido', 'Getafe', 'Málaga', 0, 2, 0, '23/09/2010'),
(832, 2010, 4, 'Desconocido', 'Villarreal', 'Deportivo de La Coru', 1, 0, 0, '23/09/2010'),
(833, 2010, 4, 'Desconocido', 'Almería', 'Levante', 0, 1, 0, '22/09/2010'),
(834, 2010, 4, 'Desconocido', 'Real Madrid', 'Espanyol', 3, 0, 0, '21/09/2010'),
(835, 2010, 4, 'Desconocido', 'Osasuna', 'Real Sociedad', 3, 1, 0, '21/09/2010'),
(836, 2010, 5, 'Desconocido', 'Athletic Club', 'Barcelona', 1, 3, 0, '25/09/2010'),
(837, 2010, 5, 'Desconocido', 'Sporting de Gijón', 'Valencia', 0, 2, 0, '25/09/2010'),
(838, 2010, 5, 'Desconocido', 'Atlético de Madrid', 'Real Zaragoza', 1, 0, 0, '26/09/2010'),
(839, 2010, 5, 'Desconocido', 'Hércules', 'Sevilla', 2, 0, 0, '26/09/2010'),
(840, 2010, 5, 'Desconocido', 'Racing de Santander', 'Getafe', 0, 1, 0, '26/09/2010'),
(841, 2010, 5, 'Desconocido', 'Málaga', 'Villarreal', 2, 3, 0, '27/09/2010'),
(842, 2010, 5, 'Desconocido', 'Deportivo de La Coru', 'Almería', 0, 2, 0, '26/09/2010'),
(843, 2010, 5, 'Desconocido', 'Levante', 'Real Madrid', 0, 0, 0, '25/09/2010'),
(844, 2010, 5, 'Desconocido', 'Espanyol', 'Osasuna', 1, 0, 0, '26/09/2010'),
(845, 2010, 5, 'Desconocido', 'Mallorca', 'Real Sociedad', 2, 0, 0, '26/09/2010'),
(846, 2010, 6, 'Desconocido', 'Barcelona', 'Mallorca', 1, 1, 0, '03/10/2010'),
(847, 2010, 6, 'Desconocido', 'Valencia', 'Athletic Club', 2, 1, 0, '02/10/2010'),
(848, 2010, 6, 'Desconocido', 'Real Zaragoza', 'Sporting de Gijón', 2, 2, 0, '02/10/2010'),
(849, 2010, 6, 'Desconocido', 'Sevilla', 'Atlético de Madrid', 3, 1, 0, '03/10/2010'),
(850, 2010, 6, 'Desconocido', 'Getafe', 'Hércules', 3, 0, 0, '03/10/2010'),
(851, 2010, 6, 'Desconocido', 'Villarreal', 'Racing de Santander', 2, 0, 0, '03/10/2010'),
(852, 2010, 6, 'Desconocido', 'Almería', 'Málaga', 1, 1, 0, '03/10/2010'),
(853, 2010, 6, 'Desconocido', 'Real Madrid', 'Deportivo de La Coru', 6, 1, 0, '03/10/2010'),
(854, 2010, 6, 'Desconocido', 'Osasuna', 'Levante', 1, 1, 0, '03/10/2010'),
(855, 2010, 6, 'Desconocido', 'Real Sociedad', 'Espanyol', 1, 0, 0, '02/10/2010'),
(856, 2010, 7, 'Desconocido', 'Barcelona', 'Valencia', 2, 1, 0, '16/10/2010'),
(857, 2010, 7, 'Desconocido', 'Athletic Club', 'Real Zaragoza', 2, 1, 0, '17/10/2010'),
(858, 2010, 7, 'Desconocido', 'Sporting de Gijón', 'Sevilla', 2, 0, 0, '17/10/2010'),
(859, 2010, 7, 'Desconocido', 'Atlético de Madrid', 'Getafe', 2, 0, 0, '16/10/2010'),
(860, 2010, 7, 'Desconocido', 'Hércules', 'Villarreal', 2, 2, 0, '18/10/2010'),
(861, 2010, 7, 'Desconocido', 'Racing de Santander', 'Almería', 1, 0, 0, '17/10/2010'),
(862, 2010, 7, 'Desconocido', 'Málaga', 'Real Madrid', 1, 4, 0, '16/10/2010'),
(863, 2010, 7, 'Desconocido', 'Deportivo de La Coru', 'Osasuna', 0, 0, 0, '17/10/2010'),
(864, 2010, 7, 'Desconocido', 'Levante', 'Real Sociedad', 2, 1, 0, '17/10/2010'),
(865, 2010, 7, 'Desconocido', 'Mallorca', 'Espanyol', 0, 1, 0, '17/10/2010'),
(866, 2010, 8, 'Desconocido', 'Valencia', 'Mallorca', 1, 2, 0, '23/10/2010'),
(867, 2010, 8, 'Desconocido', 'Real Zaragoza', 'Barcelona', 0, 2, 0, '23/10/2010'),
(868, 2010, 8, 'Desconocido', 'Sevilla', 'Athletic Club', 4, 3, 0, '24/10/2010'),
(869, 2010, 8, 'Desconocido', 'Getafe', 'Sporting de Gijón', 3, 0, 0, '24/10/2010'),
(870, 2010, 8, 'Desconocido', 'Villarreal', 'Atlético de Madrid', 2, 0, 0, '24/10/2010'),
(871, 2010, 8, 'Desconocido', 'Almería', 'Hércules', 1, 1, 0, '24/10/2010'),
(872, 2010, 8, 'Desconocido', 'Real Madrid', 'Racing de Santander', 6, 1, 0, '23/10/2010'),
(873, 2010, 8, 'Desconocido', 'Osasuna', 'Málaga', 3, 0, 0, '24/10/2010'),
(874, 2010, 8, 'Desconocido', 'Real Sociedad', 'Deportivo de La Coru', 3, 0, 0, '25/10/2010'),
(875, 2010, 8, 'Desconocido', 'Espanyol', 'Levante', 2, 1, 0, '24/10/2010'),
(876, 2010, 9, 'Desconocido', 'Valencia', 'Real Zaragoza', 1, 1, 0, '30/10/2010'),
(877, 2010, 9, 'Desconocido', 'Barcelona', 'Sevilla', 5, 0, 0, '30/10/2010'),
(878, 2010, 9, 'Desconocido', 'Athletic Club', 'Getafe', 3, 0, 0, '31/10/2010'),
(879, 2010, 9, 'Desconocido', 'Sporting de Gijón', 'Villarreal', 1, 1, 0, '31/10/2010'),
(880, 2010, 9, 'Desconocido', 'Atlético de Madrid', 'Almería', 1, 1, 0, '31/10/2010'),
(881, 2010, 9, 'Desconocido', 'Hércules', 'Real Madrid', 1, 3, 0, '30/10/2010'),
(882, 2010, 9, 'Desconocido', 'Racing de Santander', 'Osasuna', 4, 1, 0, '31/10/2010'),
(883, 2010, 9, 'Desconocido', 'Málaga', 'Real Sociedad', 1, 2, 0, '31/10/2010'),
(884, 2010, 9, 'Desconocido', 'Deportivo de La Coru', 'Espanyol', 3, 0, 0, '31/10/2010'),
(885, 2010, 9, 'Desconocido', 'Mallorca', 'Levante', 2, 1, 0, '01/11/2010'),
(886, 2010, 10, 'Desconocido', 'Real Zaragoza', 'Mallorca', 3, 2, 0, '07/11/2010'),
(887, 2010, 10, 'Desconocido', 'Sevilla', 'Valencia', 2, 0, 0, '08/11/2010'),
(888, 2010, 10, 'Desconocido', 'Getafe', 'Barcelona', 1, 3, 0, '07/11/2010'),
(889, 2010, 10, 'Desconocido', 'Villarreal', 'Athletic Club', 4, 1, 0, '07/11/2010'),
(890, 2010, 10, 'Desconocido', 'Almería', 'Sporting de Gijón', 1, 1, 0, '07/11/2010'),
(891, 2010, 10, 'Desconocido', 'Real Madrid', 'Atlético de Madrid', 2, 0, 0, '07/11/2010'),
(892, 2010, 10, 'Desconocido', 'Osasuna', 'Hércules', 3, 0, 0, '07/11/2010'),
(893, 2010, 10, 'Desconocido', 'Real Sociedad', 'Racing de Santander', 1, 0, 0, '06/11/2010'),
(894, 2010, 10, 'Desconocido', 'Espanyol', 'Málaga', 1, 0, 0, '06/11/2010'),
(895, 2010, 10, 'Desconocido', 'Levante', 'Deportivo de La Coru', 1, 2, 0, '07/11/2010'),
(896, 2010, 11, 'Desconocido', 'Real Zaragoza', 'Sevilla', 1, 2, 0, '14/11/2010'),
(897, 2010, 11, 'Desconocido', 'Valencia', 'Getafe', 2, 0, 0, '14/11/2010'),
(898, 2010, 11, 'Desconocido', 'Barcelona', 'Villarreal', 3, 1, 0, '13/11/2010'),
(899, 2010, 11, 'Desconocido', 'Athletic Club', 'Almería', 1, 0, 0, '13/11/2010'),
(900, 2010, 11, 'Desconocido', 'Sporting de Gijón', 'Real Madrid', 0, 1, 0, '14/11/2010'),
(901, 2010, 11, 'Desconocido', 'Atlético de Madrid', 'Osasuna', 3, 0, 0, '13/11/2010'),
(902, 2010, 11, 'Desconocido', 'Hércules', 'Real Sociedad', 2, 1, 0, '14/11/2010'),
(903, 2010, 11, 'Desconocido', 'Racing de Santander', 'Espanyol', 0, 0, 0, '14/11/2010'),
(904, 2010, 11, 'Desconocido', 'Málaga', 'Levante', 1, 0, 0, '14/11/2010'),
(905, 2010, 11, 'Desconocido', 'Mallorca', 'Deportivo de La Coru', 0, 0, 0, '14/11/2010'),
(906, 2010, 12, 'Desconocido', 'Sevilla', 'Mallorca', 1, 2, 0, '21/11/2010'),
(907, 2010, 12, 'Desconocido', 'Getafe', 'Real Zaragoza', 1, 1, 0, '22/11/2010'),
(908, 2010, 12, 'Desconocido', 'Villarreal', 'Valencia', 1, 1, 0, '20/11/2010'),
(909, 2010, 12, 'Desconocido', 'Almería', 'Barcelona', 0, 8, 0, '20/11/2010'),
(910, 2010, 12, 'Desconocido', 'Real Madrid', 'Athletic Club', 5, 1, 0, '20/11/2010'),
(911, 2010, 12, 'Desconocido', 'Osasuna', 'Sporting de Gijón', 1, 0, 0, '21/11/2010'),
(912, 2010, 12, 'Desconocido', 'Real Sociedad', 'Atlético de Madrid', 2, 4, 0, '21/11/2010'),
(913, 2010, 12, 'Desconocido', 'Espanyol', 'Hércules', 3, 0, 0, '21/11/2010'),
(914, 2010, 12, 'Desconocido', 'Levante', 'Racing de Santander', 3, 1, 0, '21/11/2010'),
(915, 2010, 12, 'Desconocido', 'Deportivo de La Coru', 'Málaga', 3, 0, 0, '21/11/2010'),
(916, 2010, 13, 'Desconocido', 'Sevilla', 'Getafe', 1, 3, 0, '27/11/2010'),
(917, 2010, 13, 'Desconocido', 'Real Zaragoza', 'Villarreal', 0, 3, 0, '27/11/2010'),
(918, 2010, 13, 'Desconocido', 'Valencia', 'Almería', 2, 1, 0, '28/11/2010'),
(919, 2010, 13, 'Desconocido', 'Barcelona', 'Real Madrid', 5, 0, 0, '29/11/2010'),
(920, 2010, 13, 'Desconocido', 'Athletic Club', 'Osasuna', 1, 0, 0, '28/11/2010'),
(921, 2010, 13, 'Desconocido', 'Sporting de Gijón', 'Real Sociedad', 1, 3, 0, '28/11/2010'),
(922, 2010, 13, 'Desconocido', 'Atlético de Madrid', 'Espanyol', 2, 3, 0, '27/11/2010'),
(923, 2010, 13, 'Desconocido', 'Hércules', 'Levante', 3, 1, 0, '28/11/2010'),
(924, 2010, 13, 'Desconocido', 'Racing de Santander', 'Deportivo de La Coru', 1, 0, 0, '28/11/2010'),
(925, 2010, 13, 'Desconocido', 'Mallorca', 'Málaga', 2, 0, 0, '28/11/2010'),
(926, 2010, 14, 'Desconocido', 'Getafe', 'Mallorca', 3, 0, 0, '05/12/2010'),
(927, 2010, 14, 'Desconocido', 'Villarreal', 'Sevilla', 1, 0, 0, '05/12/2010'),
(928, 2010, 14, 'Desconocido', 'Almería', 'Real Zaragoza', 1, 1, 0, '05/12/2010'),
(929, 2010, 14, 'Desconocido', 'Real Madrid', 'Valencia', 2, 0, 0, '04/12/2010'),
(930, 2010, 14, 'Desconocido', 'Osasuna', 'Barcelona', 0, 3, 0, '04/12/2010'),
(931, 2010, 14, 'Desconocido', 'Real Sociedad', 'Athletic Club', 2, 0, 0, '05/12/2010'),
(932, 2010, 14, 'Desconocido', 'Espanyol', 'Sporting de Gijón', 1, 0, 0, '05/12/2010'),
(933, 2010, 14, 'Desconocido', 'Levante', 'Atlético de Madrid', 2, 0, 0, '04/12/2010'),
(934, 2010, 14, 'Desconocido', 'Deportivo de La Coru', 'Hércules', 1, 0, 0, '06/12/2010'),
(935, 2010, 14, 'Desconocido', 'Málaga', 'Racing de Santander', 4, 1, 0, '05/12/2010'),
(936, 2010, 15, 'Desconocido', 'Getafe', 'Villarreal', 1, 0, 0, '11/12/2010'),
(937, 2010, 15, 'Desconocido', 'Sevilla', 'Almería', 1, 3, 0, '11/12/2010'),
(938, 2010, 15, 'Desconocido', 'Real Zaragoza', 'Real Madrid', 1, 3, 0, '12/12/2010'),
(939, 2010, 15, 'Desconocido', 'Valencia', 'Osasuna', 3, 3, 0, '13/12/2010'),
(940, 2010, 15, 'Desconocido', 'Barcelona', 'Real Sociedad', 5, 0, 0, '12/12/2010'),
(941, 2010, 15, 'Desconocido', 'Athletic Club', 'Espanyol', 2, 1, 0, '12/12/2010'),
(942, 2010, 15, 'Desconocido', 'Sporting de Gijón', 'Levante', 1, 1, 0, '12/12/2010'),
(943, 2010, 15, 'Desconocido', 'Atlético de Madrid', 'Deportivo de La Coru', 2, 0, 0, '11/12/2010'),
(944, 2010, 15, 'Desconocido', 'Hércules', 'Málaga', 4, 1, 0, '12/12/2010'),
(945, 2010, 15, 'Desconocido', 'Mallorca', 'Racing de Santander', 0, 1, 0, '12/12/2010'),
(946, 2010, 16, 'Desconocido', 'Villarreal', 'Mallorca', 3, 1, 0, '18/12/2010'),
(947, 2010, 16, 'Desconocido', 'Almería', 'Getafe', 2, 3, 0, '19/12/2010'),
(948, 2010, 16, 'Desconocido', 'Real Madrid', 'Sevilla', 1, 0, 0, '19/12/2010'),
(949, 2010, 16, 'Desconocido', 'Osasuna', 'Real Zaragoza', 0, 0, 0, '19/12/2010'),
(950, 2010, 16, 'Desconocido', 'Real Sociedad', 'Valencia', 1, 2, 0, '18/12/2010'),
(951, 2010, 16, 'Desconocido', 'Espanyol', 'Barcelona', 1, 5, 0, '18/12/2010'),
(952, 2010, 16, 'Desconocido', 'Levante', 'Athletic Club', 1, 2, 0, '18/12/2010'),
(953, 2010, 16, 'Desconocido', 'Deportivo de La Coru', 'Sporting de Gijón', 1, 1, 0, '18/12/2010'),
(954, 2010, 16, 'Desconocido', 'Málaga', 'Atlético de Madrid', 0, 3, 0, '19/12/2010'),
(955, 2010, 16, 'Desconocido', 'Racing de Santander', 'Hércules', 0, 0, 0, '20/12/2010'),
(956, 2010, 17, 'Desconocido', 'Villarreal', 'Almería', 2, 0, 0, '03/01/2011'),
(957, 2010, 17, 'Desconocido', 'Getafe', 'Real Madrid', 2, 3, 0, '03/01/2011'),
(958, 2010, 17, 'Desconocido', 'Sevilla', 'Osasuna', 1, 0, 0, '02/01/2011'),
(959, 2010, 17, 'Desconocido', 'Real Zaragoza', 'Real Sociedad', 2, 1, 0, '03/01/2011'),
(960, 2010, 17, 'Desconocido', 'Valencia', 'Espanyol', 2, 1, 0, '02/01/2011'),
(961, 2010, 17, 'Desconocido', 'Barcelona', 'Levante', 2, 1, 0, '02/01/2011'),
(962, 2010, 17, 'Desconocido', 'Athletic Club', 'Deportivo de La Coru', 1, 2, 0, '02/01/2011'),
(963, 2010, 17, 'Desconocido', 'Sporting de Gijón', 'Málaga', 1, 2, 0, '02/01/2011'),
(964, 2010, 17, 'Desconocido', 'Atlético de Madrid', 'Racing de Santander', 0, 0, 0, '03/01/2011'),
(965, 2010, 17, 'Desconocido', 'Mallorca', 'Hércules', 3, 0, 0, '03/01/2011'),
(966, 2010, 18, 'Desconocido', 'Mallorca', 'Almería', 4, 1, 0, '09/01/2011'),
(967, 2010, 18, 'Desconocido', 'Real Madrid', 'Villarreal', 4, 2, 0, '09/01/2011'),
(968, 2010, 18, 'Desconocido', 'Osasuna', 'Getafe', 0, 0, 0, '09/01/2011'),
(969, 2010, 18, 'Desconocido', 'Real Sociedad', 'Sevilla', 2, 3, 0, '08/01/2011'),
(970, 2010, 18, 'Desconocido', 'Espanyol', 'Real Zaragoza', 4, 0, 0, '09/01/2011'),
(971, 2010, 18, 'Desconocido', 'Levante', 'Valencia', 0, 1, 0, '09/01/2011'),
(972, 2010, 18, 'Desconocido', 'Deportivo de La Coru', 'Barcelona', 0, 4, 0, '08/01/2011'),
(973, 2010, 18, 'Desconocido', 'Málaga', 'Athletic Club', 1, 1, 0, '08/01/2011'),
(974, 2010, 18, 'Desconocido', 'Racing de Santander', 'Sporting de Gijón', 1, 1, 0, '09/01/2011'),
(975, 2010, 18, 'Desconocido', 'Hércules', 'Atlético de Madrid', 4, 1, 0, '10/01/2011'),
(976, 2010, 19, 'Desconocido', 'Almería', 'Real Madrid', 1, 1, 0, '16/01/2011'),
(977, 2010, 19, 'Desconocido', 'Villarreal', 'Osasuna', 4, 2, 0, '15/01/2011'),
(978, 2010, 19, 'Desconocido', 'Getafe', 'Real Sociedad', 0, 4, 0, '15/01/2011'),
(979, 2010, 19, 'Desconocido', 'Sevilla', 'Espanyol', 1, 2, 0, '15/01/2011'),
(980, 2010, 19, 'Desconocido', 'Real Zaragoza', 'Levante', 1, 0, 0, '15/01/2011'),
(981, 2010, 19, 'Desconocido', 'Valencia', 'Deportivo de La Coru', 2, 0, 0, '16/01/2011'),
(982, 2010, 19, 'Desconocido', 'Barcelona', 'Málaga', 4, 1, 0, '16/01/2011'),
(983, 2010, 19, 'Desconocido', 'Athletic Club', 'Racing de Santander', 2, 1, 0, '15/01/2011'),
(984, 2010, 19, 'Desconocido', 'Sporting de Gijón', 'Hércules', 2, 0, 0, '15/01/2011'),
(985, 2010, 19, 'Desconocido', 'Atlético de Madrid', 'Mallorca', 3, 0, 0, '17/01/2011'),
(986, 2010, 20, 'Desconocido', 'Sporting de Gijón', 'Atlético de Madrid', 1, 0, 0, '23/01/2011'),
(987, 2010, 20, 'Desconocido', 'Athletic Club', 'Hércules', 3, 0, 0, '24/01/2011'),
(988, 2010, 20, 'Desconocido', 'Barcelona', 'Racing de Santander', 3, 0, 0, '22/01/2011'),
(989, 2010, 20, 'Desconocido', 'Valencia', 'Málaga', 4, 3, 0, '22/01/2011'),
(990, 2010, 20, 'Desconocido', 'Real Zaragoza', 'Deportivo de La Coru', 1, 0, 0, '23/01/2011'),
(991, 2010, 20, 'Desconocido', 'Sevilla', 'Levante', 4, 1, 0, '22/01/2011'),
(992, 2010, 20, 'Desconocido', 'Getafe', 'Espanyol', 1, 3, 0, '23/01/2011'),
(993, 2010, 20, 'Desconocido', 'Villarreal', 'Real Sociedad', 2, 1, 0, '23/01/2011'),
(994, 2010, 20, 'Desconocido', 'Almería', 'Osasuna', 3, 2, 0, '23/01/2011'),
(995, 2010, 20, 'Desconocido', 'Real Madrid', 'Mallorca', 1, 0, 0, '23/01/2011'),
(996, 2010, 21, 'Desconocido', 'Mallorca', 'Sporting de Gijón', 0, 4, 0, '29/01/2011'),
(997, 2010, 21, 'Desconocido', 'Atlético de Madrid', 'Athletic Club', 0, 2, 0, '30/01/2011'),
(998, 2010, 21, 'Desconocido', 'Hércules', 'Barcelona', 0, 3, 0, '29/01/2011'),
(999, 2010, 21, 'Desconocido', 'Racing de Santander', 'Valencia', 1, 1, 0, '31/01/2011'),
(1000, 2010, 21, 'Desconocido', 'Málaga', 'Real Zaragoza', 1, 2, 0, '29/01/2011'),
(1001, 2010, 21, 'Desconocido', 'Deportivo de La Coru', 'Sevilla', 3, 3, 0, '29/01/2011'),
(1002, 2010, 21, 'Desconocido', 'Levante', 'Getafe', 2, 0, 0, '29/01/2011'),
(1003, 2010, 21, 'Desconocido', 'Espanyol', 'Villarreal', 0, 1, 0, '30/01/2011'),
(1004, 2010, 21, 'Desconocido', 'Real Sociedad', 'Almería', 2, 0, 0, '29/01/2011'),
(1005, 2010, 21, 'Desconocido', 'Osasuna', 'Real Madrid', 1, 0, 0, '30/01/2011'),
(1006, 2010, 22, 'Desconocido', 'Athletic Club', 'Sporting de Gijón', 3, 0, 0, '05/02/2011'),
(1007, 2010, 22, 'Desconocido', 'Barcelona', 'Atlético de Madrid', 3, 0, 0, '05/02/2011'),
(1008, 2010, 22, 'Desconocido', 'Valencia', 'Hércules', 2, 0, 0, '06/02/2011'),
(1009, 2010, 22, 'Desconocido', 'Real Zaragoza', 'Racing de Santander', 1, 1, 0, '05/02/2011'),
(1010, 2010, 22, 'Desconocido', 'Sevilla', 'Málaga', 0, 0, 0, '06/02/2011'),
(1011, 2010, 22, 'Desconocido', 'Getafe', 'Deportivo de La Coru', 4, 1, 0, '05/02/2011'),
(1012, 2010, 22, 'Desconocido', 'Villarreal', 'Levante', 0, 1, 0, '05/02/2011'),
(1013, 2010, 22, 'Desconocido', 'Almería', 'Espanyol', 3, 2, 0, '05/02/2011'),
(1014, 2010, 22, 'Desconocido', 'Real Madrid', 'Real Sociedad', 4, 1, 0, '06/02/2011'),
(1015, 2010, 22, 'Desconocido', 'Osasuna', 'Mallorca', 1, 1, 0, '05/02/2011'),
(1016, 2010, 23, 'Desconocido', 'Mallorca', 'Athletic Club', 1, 0, 0, '14/02/2011'),
(1017, 2010, 23, 'Desconocido', 'Sporting de Gijón', 'Barcelona', 1, 1, 0, '12/02/2011'),
(1018, 2010, 23, 'Desconocido', 'Atlético de Madrid', 'Valencia', 1, 2, 0, '12/02/2011'),
(1019, 2010, 23, 'Desconocido', 'Hércules', 'Real Zaragoza', 2, 1, 0, '13/02/2011'),
(1020, 2010, 23, 'Desconocido', 'Racing de Santander', 'Sevilla', 3, 2, 0, '12/02/2011'),
(1021, 2010, 23, 'Desconocido', 'Málaga', 'Getafe', 2, 2, 0, '13/02/2011'),
(1022, 2010, 23, 'Desconocido', 'Deportivo de La Coru', 'Villarreal', 1, 0, 0, '13/02/2011'),
(1023, 2010, 23, 'Desconocido', 'Levante', 'Almería', 1, 0, 0, '13/02/2011'),
(1024, 2010, 23, 'Desconocido', 'Espanyol', 'Real Madrid', 0, 1, 0, '13/02/2011'),
(1025, 2010, 23, 'Desconocido', 'Real Sociedad', 'Osasuna', 1, 0, 0, '13/02/2011'),
(1026, 2010, 24, 'Desconocido', 'Barcelona', 'Athletic Club', 2, 1, 0, '20/02/2011'),
(1027, 2010, 24, 'Desconocido', 'Valencia', 'Sporting de Gijón', 0, 0, 0, '19/02/2011'),
(1028, 2010, 24, 'Desconocido', 'Real Zaragoza', 'Atlético de Madrid', 0, 1, 0, '19/02/2011'),
(1029, 2010, 24, 'Desconocido', 'Sevilla', 'Hércules', 1, 0, 0, '20/02/2011'),
(1030, 2010, 24, 'Desconocido', 'Getafe', 'Racing de Santander', 0, 1, 0, '20/02/2011'),
(1031, 2010, 24, 'Desconocido', 'Villarreal', 'Málaga', 1, 1, 0, '20/02/2011'),
(1032, 2010, 24, 'Desconocido', 'Almería', 'Deportivo de La Coru', 1, 1, 0, '20/02/2011'),
(1033, 2010, 24, 'Desconocido', 'Real Madrid', 'Levante', 2, 0, 0, '19/02/2011'),
(1034, 2010, 24, 'Desconocido', 'Osasuna', 'Espanyol', 4, 0, 0, '20/02/2011'),
(1035, 2010, 24, 'Desconocido', 'Real Sociedad', 'Mallorca', 1, 0, 0, '21/02/2011'),
(1036, 2010, 25, 'Desconocido', 'Mallorca', 'Barcelona', 0, 3, 0, '26/02/2011'),
(1037, 2010, 25, 'Desconocido', 'Athletic Club', 'Valencia', 1, 2, 0, '27/02/2011'),
(1038, 2010, 25, 'Desconocido', 'Sporting de Gijón', 'Real Zaragoza', 0, 0, 0, '26/02/2011'),
(1039, 2010, 25, 'Desconocido', 'Atlético de Madrid', 'Sevilla', 2, 2, 0, '26/02/2011'),
(1040, 2010, 25, 'Desconocido', 'Hércules', 'Getafe', 0, 0, 0, '27/02/2011'),
(1041, 2010, 25, 'Desconocido', 'Racing de Santander', 'Villarreal', 2, 2, 0, '27/02/2011'),
(1042, 2010, 25, 'Desconocido', 'Málaga', 'Almería', 3, 1, 0, '28/02/2011'),
(1043, 2010, 25, 'Desconocido', 'Deportivo de La Coru', 'Real Madrid', 0, 0, 0, '26/02/2011'),
(1044, 2010, 25, 'Desconocido', 'Levante', 'Osasuna', 2, 1, 0, '27/02/2011'),
(1045, 2010, 25, 'Desconocido', 'Espanyol', 'Real Sociedad', 4, 1, 0, '26/02/2011'),
(1046, 2010, 26, 'Desconocido', 'Valencia', 'Barcelona', 0, 1, 0, '02/03/2011'),
(1047, 2010, 26, 'Desconocido', 'Real Zaragoza', 'Athletic Club', 2, 1, 0, '02/03/2011'),
(1048, 2010, 26, 'Desconocido', 'Sevilla', 'Sporting de Gijón', 3, 0, 0, '01/03/2011'),
(1049, 2010, 26, 'Desconocido', 'Getafe', 'Atlético de Madrid', 1, 1, 0, '02/03/2011'),
(1050, 2010, 26, 'Desconocido', 'Villarreal', 'Hércules', 1, 0, 0, '02/03/2011'),
(1051, 2010, 26, 'Desconocido', 'Almería', 'Racing de Santander', 1, 1, 0, '03/03/2011'),
(1052, 2010, 26, 'Desconocido', 'Real Madrid', 'Málaga', 7, 0, 0, '03/03/2011'),
(1053, 2010, 26, 'Desconocido', 'Osasuna', 'Deportivo de La Coru', 0, 0, 0, '02/03/2011'),
(1054, 2010, 26, 'Desconocido', 'Real Sociedad', 'Levante', 1, 1, 0, '02/03/2011'),
(1055, 2010, 26, 'Desconocido', 'Espanyol', 'Mallorca', 1, 2, 0, '01/03/2011'),
(1056, 2010, 27, 'Desconocido', 'Mallorca', 'Valencia', 1, 2, 0, '05/03/2011'),
(1057, 2010, 27, 'Desconocido', 'Barcelona', 'Real Zaragoza', 1, 0, 0, '05/03/2011'),
(1058, 2010, 27, 'Desconocido', 'Athletic Club', 'Sevilla', 2, 0, 0, '06/03/2011'),
(1059, 2010, 27, 'Desconocido', 'Sporting de Gijón', 'Getafe', 2, 0, 0, '06/03/2011'),
(1060, 2010, 27, 'Desconocido', 'Atlético de Madrid', 'Villarreal', 3, 1, 0, '05/03/2011'),
(1061, 2010, 27, 'Desconocido', 'Hércules', 'Almería', 1, 2, 0, '06/03/2011'),
(1062, 2010, 27, 'Desconocido', 'Racing de Santander', 'Real Madrid', 1, 3, 0, '06/03/2011'),
(1063, 2010, 27, 'Desconocido', 'Málaga', 'Osasuna', 0, 1, 0, '06/03/2011'),
(1064, 2010, 27, 'Desconocido', 'Deportivo de La Coru', 'Real Sociedad', 2, 1, 0, '07/03/2011'),
(1065, 2010, 27, 'Desconocido', 'Levante', 'Espanyol', 1, 0, 0, '06/03/2011'),
(1066, 2010, 28, 'Desconocido', 'Real Zaragoza', 'Valencia', 4, 0, 0, '12/03/2011'),
(1067, 2010, 28, 'Desconocido', 'Sevilla', 'Barcelona', 1, 1, 0, '13/03/2011'),
(1068, 2010, 28, 'Desconocido', 'Getafe', 'Athletic Club', 2, 2, 0, '14/03/2011'),
(1069, 2010, 28, 'Desconocido', 'Villarreal', 'Sporting de Gijón', 1, 1, 0, '13/03/2011'),
(1070, 2010, 28, 'Desconocido', 'Almería', 'Atlético de Madrid', 2, 2, 0, '12/03/2011'),
(1071, 2010, 28, 'Desconocido', 'Real Madrid', 'Hércules', 2, 0, 0, '12/03/2011'),
(1072, 2010, 28, 'Desconocido', 'Osasuna', 'Racing de Santander', 3, 1, 0, '13/03/2011'),
(1073, 2010, 28, 'Desconocido', 'Real Sociedad', 'Málaga', 0, 2, 0, '13/03/2011'),
(1074, 2010, 28, 'Desconocido', 'Espanyol', 'Deportivo de La Coru', 2, 0, 0, '13/03/2011'),
(1075, 2010, 28, 'Desconocido', 'Levante', 'Mallorca', 1, 1, 0, '13/03/2011'),
(1076, 2010, 29, 'Desconocido', 'Mallorca', 'Real Zaragoza', 1, 0, 0, '19/03/2011'),
(1077, 2010, 29, 'Desconocido', 'Valencia', 'Sevilla', 0, 1, 0, '20/03/2011'),
(1078, 2010, 29, 'Desconocido', 'Barcelona', 'Getafe', 2, 1, 0, '19/03/2011'),
(1079, 2010, 29, 'Desconocido', 'Athletic Club', 'Villarreal', 0, 1, 0, '20/03/2011'),
(1080, 2010, 29, 'Desconocido', 'Sporting de Gijón', 'Almería', 1, 0, 0, '20/03/2011'),
(1081, 2010, 29, 'Desconocido', 'Atlético de Madrid', 'Real Madrid', 1, 2, 0, '19/03/2011'),
(1082, 2010, 29, 'Desconocido', 'Hércules', 'Osasuna', 0, 4, 0, '20/03/2011'),
(1083, 2010, 29, 'Desconocido', 'Racing de Santander', 'Real Sociedad', 2, 1, 0, '20/03/2011'),
(1084, 2010, 29, 'Desconocido', 'Málaga', 'Espanyol', 2, 0, 0, '20/03/2011'),
(1085, 2010, 29, 'Desconocido', 'Deportivo de La Coru', 'Levante', 0, 1, 0, '20/03/2011'),
(1086, 2010, 30, 'Desconocido', 'Sevilla', 'Real Zaragoza', 3, 1, 0, '03/04/2011'),
(1087, 2010, 30, 'Desconocido', 'Getafe', 'Valencia', 2, 4, 0, '02/04/2011'),
(1088, 2010, 30, 'Desconocido', 'Villarreal', 'Barcelona', 0, 1, 0, '02/04/2011'),
(1089, 2010, 30, 'Desconocido', 'Almería', 'Athletic Club', 1, 3, 0, '04/04/2011'),
(1090, 2010, 30, 'Desconocido', 'Real Madrid', 'Sporting de Gijón', 0, 1, 0, '02/04/2011'),
(1091, 2010, 30, 'Desconocido', 'Osasuna', 'Atlético de Madrid', 2, 3, 0, '03/04/2011'),
(1092, 2010, 30, 'Desconocido', 'Real Sociedad', 'Hércules', 1, 3, 0, '03/04/2011'),
(1093, 2010, 30, 'Desconocido', 'Espanyol', 'Racing de Santander', 1, 2, 0, '03/04/2011'),
(1094, 2010, 30, 'Desconocido', 'Levante', 'Málaga', 3, 1, 0, '03/04/2011'),
(1095, 2010, 30, 'Desconocido', 'Deportivo de La Coru', 'Mallorca', 2, 1, 0, '03/04/2011'),
(1096, 2010, 31, 'Desconocido', 'Mallorca', 'Sevilla', 2, 2, 0, '09/04/2011'),
(1097, 2010, 31, 'Desconocido', 'Real Zaragoza', 'Getafe', 2, 1, 0, '11/04/2011'),
(1098, 2010, 31, 'Desconocido', 'Valencia', 'Villarreal', 5, 0, 0, '10/04/2011'),
(1099, 2010, 31, 'Desconocido', 'Barcelona', 'Almería', 3, 1, 0, '09/04/2011'),
(1100, 2010, 31, 'Desconocido', 'Athletic Club', 'Real Madrid', 0, 3, 0, '09/04/2011'),
(1101, 2010, 31, 'Desconocido', 'Sporting de Gijón', 'Osasuna', 1, 0, 0, '10/04/2011'),
(1102, 2010, 31, 'Desconocido', 'Atlético de Madrid', 'Real Sociedad', 3, 0, 0, '10/04/2011'),
(1103, 2010, 31, 'Desconocido', 'Hércules', 'Espanyol', 0, 0, 0, '10/04/2011'),
(1104, 2010, 31, 'Desconocido', 'Racing de Santander', 'Levante', 1, 1, 0, '10/04/2011'),
(1105, 2010, 31, 'Desconocido', 'Málaga', 'Deportivo de La Coru', 0, 0, 0, '10/04/2011'),
(1106, 2010, 32, 'Desconocido', 'Getafe', 'Sevilla', 1, 0, 0, '16/04/2011'),
(1107, 2010, 32, 'Desconocido', 'Villarreal', 'Real Zaragoza', 1, 0, 0, '18/04/2011'),
(1108, 2010, 32, 'Desconocido', 'Almería', 'Valencia', 0, 3, 0, '16/04/2011'),
(1109, 2010, 32, 'Desconocido', 'Real Madrid', 'Barcelona', 1, 1, 0, '16/04/2011'),
(1110, 2010, 32, 'Desconocido', 'Osasuna', 'Athletic Club', 1, 2, 0, '17/04/2011'),
(1111, 2010, 32, 'Desconocido', 'Real Sociedad', 'Sporting de Gijón', 2, 1, 0, '17/04/2011'),
(1112, 2010, 32, 'Desconocido', 'Espanyol', 'Atlético de Madrid', 2, 2, 0, '17/04/2011'),
(1113, 2010, 32, 'Desconocido', 'Levante', 'Hércules', 2, 1, 0, '17/04/2011'),
(1114, 2010, 32, 'Desconocido', 'Deportivo de La Coru', 'Racing de Santander', 2, 0, 0, '17/04/2011'),
(1115, 2010, 32, 'Desconocido', 'Málaga', 'Mallorca', 3, 0, 0, '16/04/2011'),
(1116, 2010, 33, 'Desconocido', 'Mallorca', 'Getafe', 2, 0, 0, '24/04/2011'),
(1117, 2010, 33, 'Desconocido', 'Sevilla', 'Villarreal', 3, 2, 0, '24/04/2011'),
(1118, 2010, 33, 'Desconocido', 'Real Zaragoza', 'Almería', 1, 0, 0, '25/04/2011'),
(1119, 2010, 33, 'Desconocido', 'Valencia', 'Real Madrid', 3, 6, 0, '23/04/2011'),
(1120, 2010, 33, 'Desconocido', 'Barcelona', 'Osasuna', 2, 0, 0, '23/04/2011'),
(1121, 2010, 33, 'Desconocido', 'Athletic Club', 'Real Sociedad', 2, 1, 0, '23/04/2011'),
(1122, 2010, 33, 'Desconocido', 'Sporting de Gijón', 'Espanyol', 1, 0, 0, '24/04/2011'),
(1123, 2010, 33, 'Desconocido', 'Atlético de Madrid', 'Levante', 4, 1, 0, '24/04/2011'),
(1124, 2010, 33, 'Desconocido', 'Hércules', 'Deportivo de La Coru', 1, 0, 0, '24/04/2011'),
(1125, 2010, 33, 'Desconocido', 'Racing de Santander', 'Málaga', 1, 2, 0, '24/04/2011'),
(1126, 2010, 34, 'Desconocido', 'Villarreal', 'Getafe', 2, 1, 0, '01/05/2011'),
(1127, 2010, 34, 'Desconocido', 'Almería', 'Sevilla', 0, 1, 0, '01/05/2011'),
(1128, 2010, 34, 'Desconocido', 'Real Madrid', 'Real Zaragoza', 2, 3, 0, '30/04/2011'),
(1129, 2010, 34, 'Desconocido', 'Osasuna', 'Valencia', 1, 0, 0, '01/05/2011'),
(1130, 2010, 34, 'Desconocido', 'Real Sociedad', 'Barcelona', 2, 1, 0, '30/04/2011'),
(1131, 2010, 34, 'Desconocido', 'Espanyol', 'Athletic Club', 2, 1, 0, '02/05/2011'),
(1132, 2010, 34, 'Desconocido', 'Levante', 'Sporting de Gijón', 0, 0, 0, '01/05/2011'),
(1133, 2010, 34, 'Desconocido', 'Deportivo de La Coru', 'Atlético de Madrid', 0, 1, 0, '30/04/2011'),
(1134, 2010, 34, 'Desconocido', 'Málaga', 'Hércules', 3, 1, 0, '01/05/2011'),
(1135, 2010, 34, 'Desconocido', 'Racing de Santander', 'Mallorca', 2, 0, 0, '01/05/2011'),
(1136, 2010, 35, 'Desconocido', 'Mallorca', 'Villarreal', 0, 0, 0, '08/05/2011'),
(1137, 2010, 35, 'Desconocido', 'Getafe', 'Almería', 2, 0, 0, '07/05/2011'),
(1138, 2010, 35, 'Desconocido', 'Sevilla', 'Real Madrid', 2, 6, 0, '07/05/2011'),
(1139, 2010, 35, 'Desconocido', 'Real Zaragoza', 'Osasuna', 1, 3, 0, '08/05/2011'),
(1140, 2010, 35, 'Desconocido', 'Valencia', 'Real Sociedad', 3, 0, 0, '07/05/2011'),
(1141, 2010, 35, 'Desconocido', 'Barcelona', 'Espanyol', 2, 0, 0, '08/05/2011'),
(1142, 2010, 35, 'Desconocido', 'Athletic Club', 'Levante', 3, 2, 0, '07/05/2011'),
(1143, 2010, 35, 'Desconocido', 'Sporting de Gijón', 'Deportivo de La Coru', 2, 2, 0, '07/05/2011'),
(1144, 2010, 35, 'Desconocido', 'Atlético de Madrid', 'Málaga', 0, 3, 0, '07/05/2011'),
(1145, 2010, 35, 'Desconocido', 'Hércules', 'Racing de Santander', 2, 3, 0, '07/05/2011'),
(1146, 2010, 36, 'Desconocido', 'Almería', 'Villarreal', 0, 0, 0, '11/05/2011'),
(1147, 2010, 36, 'Desconocido', 'Real Madrid', 'Getafe', 4, 0, 0, '10/05/2011'),
(1148, 2010, 36, 'Desconocido', 'Osasuna', 'Sevilla', 3, 2, 0, '11/05/2011'),
(1149, 2010, 36, 'Desconocido', 'Real Sociedad', 'Real Zaragoza', 2, 1, 0, '11/05/2011'),
(1150, 2010, 36, 'Desconocido', 'Espanyol', 'Valencia', 2, 2, 0, '11/05/2011'),
(1151, 2010, 36, 'Desconocido', 'Levante', 'Barcelona', 1, 1, 0, '11/05/2011'),
(1152, 2010, 36, 'Desconocido', 'Deportivo de La Coru', 'Athletic Club', 2, 1, 0, '10/05/2011'),
(1153, 2010, 36, 'Desconocido', 'Málaga', 'Sporting de Gijón', 2, 0, 0, '10/05/2011'),
(1154, 2010, 36, 'Desconocido', 'Racing de Santander', 'Atlético de Madrid', 2, 1, 0, '10/05/2011'),
(1155, 2010, 36, 'Desconocido', 'Hércules', 'Mallorca', 2, 2, 0, '11/05/2011'),
(1156, 2010, 37, 'Desconocido', 'Almería', 'Mallorca', 3, 1, 0, '15/05/2011'),
(1157, 2010, 37, 'Desconocido', 'Villarreal', 'Real Madrid', 1, 3, 0, '15/05/2011'),
(1158, 2010, 37, 'Desconocido', 'Getafe', 'Osasuna', 2, 0, 0, '15/05/2011'),
(1159, 2010, 37, 'Desconocido', 'Sevilla', 'Real Sociedad', 3, 1, 0, '15/05/2011'),
(1160, 2010, 37, 'Desconocido', 'Real Zaragoza', 'Espanyol', 1, 0, 0, '15/05/2011'),
(1161, 2010, 37, 'Desconocido', 'Valencia', 'Levante', 0, 0, 0, '15/05/2011'),
(1162, 2010, 37, 'Desconocido', 'Barcelona', 'Deportivo de La Coru', 0, 0, 0, '15/05/2011'),
(1163, 2010, 37, 'Desconocido', 'Athletic Club', 'Málaga', 1, 1, 0, '15/05/2011'),
(1164, 2010, 37, 'Desconocido', 'Sporting de Gijón', 'Racing de Santander', 2, 1, 0, '15/05/2011'),
(1165, 2010, 37, 'Desconocido', 'Atlético de Madrid', 'Hércules', 2, 1, 0, '15/05/2011'),
(1166, 2010, 38, 'Desconocido', 'Real Madrid', 'Almería', 8, 1, 0, '21/05/2011'),
(1167, 2010, 38, 'Desconocido', 'Osasuna', 'Villarreal', 1, 0, 0, '21/05/2011'),
(1168, 2010, 38, 'Desconocido', 'Real Sociedad', 'Getafe', 1, 1, 0, '21/05/2011'),
(1169, 2010, 38, 'Desconocido', 'Espanyol', 'Sevilla', 2, 3, 0, '21/05/2011'),
(1170, 2010, 38, 'Desconocido', 'Levante', 'Real Zaragoza', 1, 2, 0, '21/05/2011'),
(1171, 2010, 38, 'Desconocido', 'Deportivo de La Coru', 'Valencia', 0, 2, 0, '21/05/2011'),
(1172, 2010, 38, 'Desconocido', 'Málaga', 'Barcelona', 1, 3, 0, '21/05/2011'),
(1173, 2010, 38, 'Desconocido', 'Racing de Santander', 'Athletic Club', 1, 2, 0, '21/05/2011'),
(1174, 2010, 38, 'Desconocido', 'Hércules', 'Sporting de Gijón', 0, 0, 0, '21/05/2011'),
(1175, 2010, 38, 'Desconocido', 'Mallorca', 'Atlético de Madrid', 3, 4, 0, '21/05/2011'),
(1176, 2009, 38, 'Desconocido', 'Atlético de Madrid', 'Getafe', 0, 3, 0, '15/05/2010'),
(1177, 2009, 38, 'Desconocido', 'Racing de Santander', 'Sporting de Gijón', 2, 0, 0, '16/05/2010'),
(1178, 2009, 38, 'Desconocido', 'Barcelona', 'Valladolid', 4, 0, 0, '16/05/2010'),
(1179, 2009, 38, 'Desconocido', 'Almería', 'Sevilla', 2, 3, 0, '15/05/2010'),
(1180, 2009, 38, 'Desconocido', 'Valencia', 'Tenerife', 1, 0, 0, '16/05/2010'),
(1181, 2009, 38, 'Desconocido', 'Real Zaragoza', 'Villarreal', 3, 3, 0, '15/05/2010'),
(1182, 2009, 38, 'Desconocido', 'Osasuna', 'Xerez', 1, 1, 0, '16/05/2010'),
(1183, 2009, 38, 'Desconocido', 'Mallorca', 'Espanyol', 2, 0, 0, '15/05/2010'),
(1184, 2009, 38, 'Desconocido', 'Athletic Club', 'Deportivo de La Coru', 2, 0, 0, '15/05/2010'),
(1185, 2009, 38, 'Desconocido', 'Málaga', 'Real Madrid', 1, 1, 0, '16/05/2010'),
(1186, 2009, 1, 'Desconocido', 'Real Madrid', 'Deportivo de La Coru', 3, 2, 0, '29/08/2009'),
(1187, 2009, 1, 'Desconocido', 'Barcelona', 'Sporting de Gijón', 3, 0, 0, '31/08/2009'),
(1188, 2009, 1, 'Desconocido', 'Málaga', 'Atlético de Madrid', 3, 0, 0, '30/08/2009'),
(1189, 2009, 1, 'Desconocido', 'Valencia', 'Sevilla', 2, 0, 0, '30/08/2009'),
(1190, 2009, 1, 'Desconocido', 'Mallorca', 'Xerez', 2, 0, 0, '30/08/2009'),
(1191, 2009, 1, 'Desconocido', 'Almería', 'Valladolid', 0, 0, 0, '30/08/2009'),
(1192, 2009, 1, 'Desconocido', 'Racing de Santander', 'Getafe', 1, 4, 0, '30/08/2009'),
(1193, 2009, 1, 'Desconocido', 'Osasuna', 'Villarreal', 1, 1, 0, '30/08/2009'),
(1194, 2009, 1, 'Desconocido', 'Real Zaragoza', 'Tenerife', 1, 0, 0, '29/08/2009'),
(1195, 2009, 1, 'Desconocido', 'Athletic Club', 'Espanyol', 1, 0, 0, '30/08/2009'),
(1196, 2009, 2, 'Desconocido', 'Xerez', 'Athletic Club', 0, 1, 0, '13/09/2009'),
(1197, 2009, 2, 'Desconocido', 'Deportivo de La Coru', 'Málaga', 1, 0, 0, '13/09/2009'),
(1198, 2009, 2, 'Desconocido', 'Espanyol', 'Real Madrid', 0, 3, 0, '12/09/2009'),
(1199, 2009, 2, 'Desconocido', 'Villarreal', 'Mallorca', 1, 1, 0, '13/09/2009'),
(1200, 2009, 2, 'Desconocido', 'Tenerife', 'Osasuna', 2, 1, 0, '13/09/2009'),
(1201, 2009, 2, 'Desconocido', 'Sevilla', 'Real Zaragoza', 4, 1, 0, '12/09/2009'),
(1202, 2009, 2, 'Desconocido', 'Valladolid', 'Valencia', 2, 4, 0, '13/09/2009'),
(1203, 2009, 2, 'Desconocido', 'Sporting de Gijón', 'Almería', 1, 0, 0, '13/09/2009'),
(1204, 2009, 2, 'Desconocido', 'Getafe', 'Barcelona', 0, 2, 0, '12/09/2009'),
(1205, 2009, 2, 'Desconocido', 'Atlético de Madrid', 'Racing de Santander', 1, 1, 0, '12/09/2009'),
(1206, 2009, 3, 'Desconocido', 'Deportivo de La Coru', 'Espanyol', 2, 3, 0, '19/09/2009'),
(1207, 2009, 3, 'Desconocido', 'Real Madrid', 'Xerez', 5, 0, 0, '20/09/2009'),
(1208, 2009, 3, 'Desconocido', 'Athletic Club', 'Villarreal', 3, 2, 0, '20/09/2009'),
(1209, 2009, 3, 'Desconocido', 'Mallorca', 'Tenerife', 4, 0, 0, '19/09/2009'),
(1210, 2009, 3, 'Desconocido', 'Osasuna', 'Sevilla', 0, 2, 0, '19/09/2009'),
(1211, 2009, 3, 'Desconocido', 'Real Zaragoza', 'Valladolid', 1, 2, 0, '20/09/2009'),
(1212, 2009, 3, 'Desconocido', 'Valencia', 'Sporting de Gijón', 2, 2, 0, '20/09/2009'),
(1213, 2009, 3, 'Desconocido', 'Almería', 'Getafe', 1, 0, 0, '20/09/2009'),
(1214, 2009, 3, 'Desconocido', 'Barcelona', 'Atlético de Madrid', 5, 2, 0, '19/09/2009');
INSERT INTO `acta` (`IDActa`, `Temporada`, `NumeroJornada`, `NombreEstadio`, `NombreEquipoLocal`, `NombreEquipoVisitante`, `GolesLocal`, `GolesVisitante`, `NumeroColegiado`, `FechaPartido`) VALUES
(1215, 2009, 3, 'Desconocido', 'Málaga', 'Racing de Santander', 1, 2, 0, '19/09/2009'),
(1216, 2009, 4, 'Desconocido', 'Espanyol', 'Málaga', 2, 1, 0, '23/09/2009'),
(1217, 2009, 4, 'Desconocido', 'Xerez', 'Deportivo de La Coru', 0, 3, 0, '23/09/2009'),
(1218, 2009, 4, 'Desconocido', 'Villarreal', 'Real Madrid', 0, 2, 0, '23/09/2009'),
(1219, 2009, 4, 'Desconocido', 'Tenerife', 'Athletic Club', 1, 0, 0, '23/09/2009'),
(1220, 2009, 4, 'Desconocido', 'Sevilla', 'Mallorca', 2, 0, 0, '22/09/2009'),
(1221, 2009, 4, 'Desconocido', 'Valladolid', 'Osasuna', 1, 2, 0, '23/09/2009'),
(1222, 2009, 4, 'Desconocido', 'Sporting de Gijón', 'Real Zaragoza', 1, 1, 0, '24/09/2009'),
(1223, 2009, 4, 'Desconocido', 'Getafe', 'Valencia', 3, 1, 0, '23/09/2009'),
(1224, 2009, 4, 'Desconocido', 'Atlético de Madrid', 'Almería', 2, 2, 0, '23/09/2009'),
(1225, 2009, 4, 'Desconocido', 'Racing de Santander', 'Barcelona', 1, 4, 0, '22/09/2009'),
(1226, 2009, 5, 'Desconocido', 'Espanyol', 'Xerez', 0, 0, 0, '27/09/2009'),
(1227, 2009, 5, 'Desconocido', 'Deportivo de La Coru', 'Villarreal', 1, 0, 0, '27/09/2009'),
(1228, 2009, 5, 'Desconocido', 'Real Madrid', 'Tenerife', 3, 0, 0, '26/09/2009'),
(1229, 2009, 5, 'Desconocido', 'Athletic Club', 'Sevilla', 0, 4, 0, '26/09/2009'),
(1230, 2009, 5, 'Desconocido', 'Mallorca', 'Valladolid', 3, 0, 0, '27/09/2009'),
(1231, 2009, 5, 'Desconocido', 'Osasuna', 'Sporting de Gijón', 1, 0, 0, '27/09/2009'),
(1232, 2009, 5, 'Desconocido', 'Real Zaragoza', 'Getafe', 3, 0, 0, '27/09/2009'),
(1233, 2009, 5, 'Desconocido', 'Valencia', 'Atlético de Madrid', 2, 2, 0, '26/09/2009'),
(1234, 2009, 5, 'Desconocido', 'Almería', 'Racing de Santander', 2, 2, 0, '27/09/2009'),
(1235, 2009, 5, 'Desconocido', 'Málaga', 'Barcelona', 0, 2, 0, '26/09/2009'),
(1236, 2009, 6, 'Desconocido', 'Xerez', 'Málaga', 1, 1, 0, '04/10/2009'),
(1237, 2009, 6, 'Desconocido', 'Villarreal', 'Espanyol', 0, 0, 0, '04/10/2009'),
(1238, 2009, 6, 'Desconocido', 'Tenerife', 'Deportivo de La Coru', 0, 1, 0, '03/10/2009'),
(1239, 2009, 6, 'Desconocido', 'Sevilla', 'Real Madrid', 2, 1, 0, '04/10/2009'),
(1240, 2009, 6, 'Desconocido', 'Valladolid', 'Athletic Club', 2, 2, 0, '04/10/2009'),
(1241, 2009, 6, 'Desconocido', 'Sporting de Gijón', 'Mallorca', 4, 1, 0, '04/10/2009'),
(1242, 2009, 6, 'Desconocido', 'Getafe', 'Osasuna', 2, 1, 0, '04/10/2009'),
(1243, 2009, 6, 'Desconocido', 'Atlético de Madrid', 'Real Zaragoza', 2, 1, 0, '03/10/2009'),
(1244, 2009, 6, 'Desconocido', 'Racing de Santander', 'Valencia', 0, 1, 0, '04/10/2009'),
(1245, 2009, 6, 'Desconocido', 'Barcelona', 'Almería', 1, 0, 0, '03/10/2009'),
(1246, 2009, 7, 'Desconocido', 'Xerez', 'Villarreal', 2, 1, 0, '18/10/2009'),
(1247, 2009, 7, 'Desconocido', 'Espanyol', 'Tenerife', 2, 1, 0, '18/10/2009'),
(1248, 2009, 7, 'Desconocido', 'Deportivo de La Coru', 'Sevilla', 1, 0, 0, '17/10/2009'),
(1249, 2009, 7, 'Desconocido', 'Real Madrid', 'Valladolid', 4, 2, 0, '17/10/2009'),
(1250, 2009, 7, 'Desconocido', 'Athletic Club', 'Sporting de Gijón', 1, 2, 0, '18/10/2009'),
(1251, 2009, 7, 'Desconocido', 'Mallorca', 'Getafe', 3, 1, 0, '18/10/2009'),
(1252, 2009, 7, 'Desconocido', 'Osasuna', 'Atlético de Madrid', 3, 0, 0, '18/10/2009'),
(1253, 2009, 7, 'Desconocido', 'Real Zaragoza', 'Racing de Santander', 2, 2, 0, '18/10/2009'),
(1254, 2009, 7, 'Desconocido', 'Valencia', 'Barcelona', 0, 0, 0, '17/10/2009'),
(1255, 2009, 7, 'Desconocido', 'Málaga', 'Almería', 1, 2, 0, '18/10/2009'),
(1256, 2009, 8, 'Desconocido', 'Sevilla', 'Espanyol', 0, 0, 0, '24/10/2009'),
(1257, 2009, 8, 'Desconocido', 'Valladolid', 'Deportivo de La Coru', 4, 0, 0, '25/10/2009'),
(1258, 2009, 8, 'Desconocido', 'Sporting de Gijón', 'Real Madrid', 0, 0, 0, '24/10/2009'),
(1259, 2009, 8, 'Desconocido', 'Getafe', 'Athletic Club', 2, 0, 0, '25/10/2009'),
(1260, 2009, 8, 'Desconocido', 'Atlético de Madrid', 'Mallorca', 1, 1, 0, '24/10/2009'),
(1261, 2009, 8, 'Desconocido', 'Racing de Santander', 'Osasuna', 1, 1, 0, '25/10/2009'),
(1262, 2009, 8, 'Desconocido', 'Barcelona', 'Real Zaragoza', 6, 1, 0, '25/10/2009'),
(1263, 2009, 8, 'Desconocido', 'Almería', 'Valencia', 0, 3, 0, '25/10/2009'),
(1264, 2009, 8, 'Desconocido', 'Tenerife', 'Xerez', 1, 0, 0, '25/10/2009'),
(1265, 2009, 8, 'Desconocido', 'Villarreal', 'Málaga', 2, 1, 0, '25/10/2009'),
(1266, 2009, 9, 'Desconocido', 'Real Zaragoza', 'Almería', 2, 1, 0, '01/11/2009'),
(1267, 2009, 9, 'Desconocido', 'Málaga', 'Valencia', 0, 1, 0, '01/11/2009'),
(1268, 2009, 9, 'Desconocido', 'Villarreal', 'Tenerife', 5, 0, 0, '01/11/2009'),
(1269, 2009, 9, 'Desconocido', 'Xerez', 'Sevilla', 0, 2, 0, '31/10/2009'),
(1270, 2009, 9, 'Desconocido', 'Espanyol', 'Valladolid', 1, 1, 0, '01/11/2009'),
(1271, 2009, 9, 'Desconocido', 'Deportivo de La Coru', 'Sporting de Gijón', 1, 1, 0, '01/11/2009'),
(1272, 2009, 9, 'Desconocido', 'Real Madrid', 'Getafe', 2, 0, 0, '31/10/2009'),
(1273, 2009, 9, 'Desconocido', 'Athletic Club', 'Atlético de Madrid', 1, 0, 0, '31/10/2009'),
(1274, 2009, 9, 'Desconocido', 'Mallorca', 'Racing de Santander', 1, 0, 0, '01/11/2009'),
(1275, 2009, 9, 'Desconocido', 'Osasuna', 'Barcelona', 1, 1, 0, '31/10/2009'),
(1276, 2009, 10, 'Desconocido', 'Barcelona', 'Mallorca', 4, 2, 0, '07/11/2009'),
(1277, 2009, 10, 'Desconocido', 'Almería', 'Osasuna', 2, 0, 0, '08/11/2009'),
(1278, 2009, 10, 'Desconocido', 'Valencia', 'Real Zaragoza', 3, 1, 0, '08/11/2009'),
(1279, 2009, 10, 'Desconocido', 'Tenerife', 'Málaga', 2, 2, 0, '07/11/2009'),
(1280, 2009, 10, 'Desconocido', 'Sevilla', 'Villarreal', 3, 2, 0, '08/11/2009'),
(1281, 2009, 10, 'Desconocido', 'Valladolid', 'Xerez', 0, 0, 0, '08/11/2009'),
(1282, 2009, 10, 'Desconocido', 'Sporting de Gijón', 'Espanyol', 1, 0, 0, '08/11/2009'),
(1283, 2009, 10, 'Desconocido', 'Getafe', 'Deportivo de La Coru', 0, 2, 0, '07/11/2009'),
(1284, 2009, 10, 'Desconocido', 'Atlético de Madrid', 'Real Madrid', 2, 3, 0, '07/11/2009'),
(1285, 2009, 10, 'Desconocido', 'Racing de Santander', 'Athletic Club', 0, 2, 0, '08/11/2009'),
(1286, 2009, 11, 'Desconocido', 'Tenerife', 'Sevilla', 1, 2, 0, '21/11/2009'),
(1287, 2009, 11, 'Desconocido', 'Villarreal', 'Valladolid', 3, 1, 0, '22/11/2009'),
(1288, 2009, 11, 'Desconocido', 'Xerez', 'Sporting de Gijón', 0, 0, 0, '22/11/2009'),
(1289, 2009, 11, 'Desconocido', 'Espanyol', 'Getafe', 0, 2, 0, '22/11/2009'),
(1290, 2009, 11, 'Desconocido', 'Deportivo de La Coru', 'Atlético de Madrid', 2, 1, 0, '21/11/2009'),
(1291, 2009, 11, 'Desconocido', 'Real Madrid', 'Racing de Santander', 1, 0, 0, '21/11/2009'),
(1292, 2009, 11, 'Desconocido', 'Athletic Club', 'Barcelona', 1, 1, 0, '21/11/2009'),
(1293, 2009, 11, 'Desconocido', 'Mallorca', 'Almería', 3, 1, 0, '22/11/2009'),
(1294, 2009, 11, 'Desconocido', 'Osasuna', 'Valencia', 1, 3, 0, '22/11/2009'),
(1295, 2009, 11, 'Desconocido', 'Málaga', 'Real Zaragoza', 1, 1, 0, '22/11/2009'),
(1296, 2009, 12, 'Desconocido', 'Sevilla', 'Málaga', 2, 2, 0, '28/11/2009'),
(1297, 2009, 12, 'Desconocido', 'Valladolid', 'Tenerife', 3, 3, 0, '29/11/2009'),
(1298, 2009, 12, 'Desconocido', 'Sporting de Gijón', 'Villarreal', 1, 0, 0, '28/11/2009'),
(1299, 2009, 12, 'Desconocido', 'Getafe', 'Xerez', 5, 1, 0, '29/11/2009'),
(1300, 2009, 12, 'Desconocido', 'Atlético de Madrid', 'Espanyol', 4, 0, 0, '29/11/2009'),
(1301, 2009, 12, 'Desconocido', 'Racing de Santander', 'Deportivo de La Coru', 0, 1, 0, '29/11/2009'),
(1302, 2009, 12, 'Desconocido', 'Barcelona', 'Real Madrid', 1, 0, 0, '29/11/2009'),
(1303, 2009, 12, 'Desconocido', 'Almería', 'Athletic Club', 1, 4, 0, '29/11/2009'),
(1304, 2009, 12, 'Desconocido', 'Valencia', 'Mallorca', 1, 1, 0, '28/11/2009'),
(1305, 2009, 12, 'Desconocido', 'Real Zaragoza', 'Osasuna', 0, 1, 0, '29/11/2009'),
(1306, 2009, 13, 'Desconocido', 'Sevilla', 'Valladolid', 1, 1, 0, '05/12/2009'),
(1307, 2009, 13, 'Desconocido', 'Tenerife', 'Sporting de Gijón', 2, 1, 0, '06/12/2009'),
(1308, 2009, 13, 'Desconocido', 'Villarreal', 'Getafe', 3, 2, 0, '06/12/2009'),
(1309, 2009, 13, 'Desconocido', 'Xerez', 'Atlético de Madrid', 0, 2, 0, '05/12/2009'),
(1310, 2009, 13, 'Desconocido', 'Espanyol', 'Racing de Santander', 0, 4, 0, '06/12/2009'),
(1311, 2009, 13, 'Desconocido', 'Deportivo de La Coru', 'Barcelona', 1, 3, 0, '05/12/2009'),
(1312, 2009, 13, 'Desconocido', 'Real Madrid', 'Almería', 4, 2, 0, '05/12/2009'),
(1313, 2009, 13, 'Desconocido', 'Athletic Club', 'Valencia', 1, 2, 0, '06/12/2009'),
(1314, 2009, 13, 'Desconocido', 'Mallorca', 'Real Zaragoza', 4, 1, 0, '06/12/2009'),
(1315, 2009, 13, 'Desconocido', 'Málaga', 'Osasuna', 1, 1, 0, '06/12/2009'),
(1316, 2009, 14, 'Desconocido', 'Valladolid', 'Málaga', 1, 1, 0, '13/12/2009'),
(1317, 2009, 14, 'Desconocido', 'Sporting de Gijón', 'Sevilla', 0, 1, 0, '13/12/2009'),
(1318, 2009, 14, 'Desconocido', 'Getafe', 'Tenerife', 2, 1, 0, '13/12/2009'),
(1319, 2009, 14, 'Desconocido', 'Atlético de Madrid', 'Villarreal', 1, 2, 0, '13/12/2009'),
(1320, 2009, 14, 'Desconocido', 'Racing de Santander', 'Xerez', 3, 2, 0, '13/12/2009'),
(1321, 2009, 14, 'Desconocido', 'Barcelona', 'Espanyol', 1, 0, 0, '12/12/2009'),
(1322, 2009, 14, 'Desconocido', 'Almería', 'Deportivo de La Coru', 1, 1, 0, '13/12/2009'),
(1323, 2009, 14, 'Desconocido', 'Valencia', 'Real Madrid', 2, 3, 0, '12/12/2009'),
(1324, 2009, 14, 'Desconocido', 'Real Zaragoza', 'Athletic Club', 1, 2, 0, '12/12/2009'),
(1325, 2009, 14, 'Desconocido', 'Osasuna', 'Mallorca', 0, 1, 0, '13/12/2009'),
(1326, 2009, 15, 'Desconocido', 'Valladolid', 'Sporting de Gijón', 2, 1, 0, '20/12/2009'),
(1327, 2009, 15, 'Desconocido', 'Sevilla', 'Getafe', 1, 2, 0, '19/12/2009'),
(1328, 2009, 15, 'Desconocido', 'Tenerife', 'Atlético de Madrid', 1, 1, 0, '20/12/2009'),
(1329, 2009, 15, 'Desconocido', 'Villarreal', 'Racing de Santander', 2, 0, 0, '20/12/2009'),
(1330, 2009, 15, 'Desconocido', 'Xerez', 'Barcelona', 0, 2, 0, '02/12/2009'),
(1331, 2009, 15, 'Desconocido', 'Espanyol', 'Almería', 2, 0, 0, '20/12/2009'),
(1332, 2009, 15, 'Desconocido', 'Deportivo de La Coru', 'Valencia', 0, 0, 0, '20/12/2009'),
(1333, 2009, 15, 'Desconocido', 'Real Madrid', 'Real Zaragoza', 6, 0, 0, '19/12/2009'),
(1334, 2009, 15, 'Desconocido', 'Athletic Club', 'Osasuna', 2, 0, 0, '19/12/2009'),
(1335, 2009, 15, 'Desconocido', 'Málaga', 'Mallorca', 2, 1, 0, '20/12/2009'),
(1336, 2009, 16, 'Desconocido', 'Sporting de Gijón', 'Málaga', 2, 2, 0, '03/01/2010'),
(1337, 2009, 16, 'Desconocido', 'Getafe', 'Valladolid', 1, 0, 0, '03/01/2010'),
(1338, 2009, 16, 'Desconocido', 'Atlético de Madrid', 'Sevilla', 2, 1, 0, '02/01/2010'),
(1339, 2009, 16, 'Desconocido', 'Racing de Santander', 'Tenerife', 2, 0, 0, '03/01/2010'),
(1340, 2009, 16, 'Desconocido', 'Barcelona', 'Villarreal', 1, 1, 0, '02/01/2010'),
(1341, 2009, 16, 'Desconocido', 'Almería', 'Xerez', 1, 0, 0, '03/01/2010'),
(1342, 2009, 16, 'Desconocido', 'Valencia', 'Espanyol', 1, 0, 0, '02/01/2010'),
(1343, 2009, 16, 'Desconocido', 'Real Zaragoza', 'Deportivo de La Coru', 0, 0, 0, '03/01/2010'),
(1344, 2009, 16, 'Desconocido', 'Osasuna', 'Real Madrid', 0, 0, 0, '03/01/2010'),
(1345, 2009, 16, 'Desconocido', 'Mallorca', 'Athletic Club', 2, 0, 0, '03/01/2010'),
(1346, 2009, 17, 'Desconocido', 'Sporting de Gijón', 'Getafe', 1, 0, 0, '10/01/2010'),
(1347, 2009, 17, 'Desconocido', 'Valladolid', 'Atlético de Madrid', 0, 4, 0, '09/01/2010'),
(1348, 2009, 17, 'Desconocido', 'Sevilla', 'Racing de Santander', 1, 2, 0, '09/01/2010'),
(1349, 2009, 17, 'Desconocido', 'Tenerife', 'Barcelona', 0, 5, 0, '10/01/2010'),
(1350, 2009, 17, 'Desconocido', 'Villarreal', 'Almería', 1, 1, 0, '09/01/2010'),
(1351, 2009, 17, 'Desconocido', 'Xerez', 'Valencia', 1, 3, 0, '10/01/2010'),
(1352, 2009, 17, 'Desconocido', 'Espanyol', 'Real Zaragoza', 2, 1, 0, '10/01/2010'),
(1353, 2009, 17, 'Desconocido', 'Deportivo de La Coru', 'Osasuna', 1, 0, 0, '10/01/2010'),
(1354, 2009, 17, 'Desconocido', 'Real Madrid', 'Mallorca', 2, 0, 0, '10/01/2010'),
(1355, 2009, 17, 'Desconocido', 'Málaga', 'Athletic Club', 1, 1, 0, '10/01/2010'),
(1356, 2009, 18, 'Desconocido', 'Málaga', 'Getafe', 1, 0, 0, '17/01/2010'),
(1357, 2009, 18, 'Desconocido', 'Atlético de Madrid', 'Sporting de Gijón', 3, 2, 0, '17/01/2010'),
(1358, 2009, 18, 'Desconocido', 'Racing de Santander', 'Valladolid', 1, 1, 0, '17/01/2010'),
(1359, 2009, 18, 'Desconocido', 'Barcelona', 'Sevilla', 4, 0, 0, '16/01/2010'),
(1360, 2009, 18, 'Desconocido', 'Almería', 'Tenerife', 1, 1, 0, '17/01/2010'),
(1361, 2009, 18, 'Desconocido', 'Valencia', 'Villarreal', 4, 1, 0, '17/01/2010'),
(1362, 2009, 18, 'Desconocido', 'Real Zaragoza', 'Xerez', 0, 0, 0, '17/01/2010'),
(1363, 2009, 18, 'Desconocido', 'Osasuna', 'Espanyol', 2, 0, 0, '16/01/2010'),
(1364, 2009, 18, 'Desconocido', 'Mallorca', 'Deportivo de La Coru', 2, 0, 0, '17/01/2010'),
(1365, 2009, 18, 'Desconocido', 'Athletic Club', 'Real Madrid', 1, 0, 0, '16/01/2010'),
(1366, 2009, 19, 'Desconocido', 'Getafe', 'Atlético de Madrid', 1, 0, 0, '24/01/2010'),
(1367, 2009, 19, 'Desconocido', 'Sporting de Gijón', 'Racing de Santander', 0, 1, 0, '24/01/2010'),
(1368, 2009, 19, 'Desconocido', 'Valladolid', 'Barcelona', 0, 3, 0, '23/01/2010'),
(1369, 2009, 19, 'Desconocido', 'Sevilla', 'Almería', 1, 0, 0, '23/01/2010'),
(1370, 2009, 19, 'Desconocido', 'Tenerife', 'Valencia', 0, 0, 0, '24/01/2010'),
(1371, 2009, 19, 'Desconocido', 'Villarreal', 'Real Zaragoza', 4, 2, 0, '24/01/2010'),
(1372, 2009, 19, 'Desconocido', 'Xerez', 'Osasuna', 1, 2, 0, '24/01/2010'),
(1373, 2009, 19, 'Desconocido', 'Espanyol', 'Mallorca', 1, 1, 0, '24/01/2010'),
(1374, 2009, 19, 'Desconocido', 'Deportivo de La Coru', 'Athletic Club', 3, 1, 0, '23/01/2010'),
(1375, 2009, 19, 'Desconocido', 'Real Madrid', 'Málaga', 2, 0, 0, '24/01/2010'),
(1376, 2009, 20, 'Desconocido', 'Deportivo de La Coru', 'Real Madrid', 1, 3, 0, '30/01/2010'),
(1377, 2009, 20, 'Desconocido', 'Sporting de Gijón', 'Barcelona', 0, 1, 0, '30/01/2010'),
(1378, 2009, 20, 'Desconocido', 'Atlético de Madrid', 'Málaga', 0, 2, 0, '31/01/2010'),
(1379, 2009, 20, 'Desconocido', 'Sevilla', 'Valencia', 2, 1, 0, '31/01/2010'),
(1380, 2009, 20, 'Desconocido', 'Xerez', 'Mallorca', 2, 1, 0, '31/01/2010'),
(1381, 2009, 20, 'Desconocido', 'Valladolid', 'Almería', 1, 1, 0, '31/01/2010'),
(1382, 2009, 20, 'Desconocido', 'Getafe', 'Racing de Santander', 0, 0, 0, '31/01/2010'),
(1383, 2009, 20, 'Desconocido', 'Villarreal', 'Osasuna', 0, 2, 0, '31/01/2010'),
(1384, 2009, 20, 'Desconocido', 'Tenerife', 'Real Zaragoza', 1, 3, 0, '31/01/2010'),
(1385, 2009, 20, 'Desconocido', 'Espanyol', 'Athletic Club', 1, 0, 0, '30/01/2010'),
(1386, 2009, 21, 'Desconocido', 'Athletic Club', 'Xerez', 3, 2, 0, '07/02/2010'),
(1387, 2009, 21, 'Desconocido', 'Málaga', 'Deportivo de La Coru', 0, 0, 0, '07/02/2010'),
(1388, 2009, 21, 'Desconocido', 'Real Madrid', 'Espanyol', 3, 0, 0, '06/02/2010'),
(1389, 2009, 21, 'Desconocido', 'Mallorca', 'Villarreal', 1, 0, 0, '07/02/2010'),
(1390, 2009, 21, 'Desconocido', 'Osasuna', 'Tenerife', 1, 0, 0, '07/02/2010'),
(1391, 2009, 21, 'Desconocido', 'Real Zaragoza', 'Sevilla', 2, 1, 0, '07/02/2010'),
(1392, 2009, 21, 'Desconocido', 'Valencia', 'Valladolid', 2, 0, 0, '06/02/2010'),
(1393, 2009, 21, 'Desconocido', 'Almería', 'Sporting de Gijón', 3, 1, 0, '07/02/2010'),
(1394, 2009, 21, 'Desconocido', 'Barcelona', 'Getafe', 2, 1, 0, '06/02/2010'),
(1395, 2009, 21, 'Desconocido', 'Racing de Santander', 'Atlético de Madrid', 1, 1, 0, '07/02/2010'),
(1396, 2009, 22, 'Desconocido', 'Espanyol', 'Deportivo de La Coru', 2, 0, 0, '14/02/2010'),
(1397, 2009, 22, 'Desconocido', 'Xerez', 'Real Madrid', 0, 3, 0, '13/02/2010'),
(1398, 2009, 22, 'Desconocido', 'Villarreal', 'Athletic Club', 2, 1, 0, '13/02/2010'),
(1399, 2009, 22, 'Desconocido', 'Tenerife', 'Mallorca', 1, 0, 0, '15/02/2010'),
(1400, 2009, 22, 'Desconocido', 'Sevilla', 'Osasuna', 1, 0, 0, '14/02/2010'),
(1401, 2009, 22, 'Desconocido', 'Valladolid', 'Real Zaragoza', 1, 1, 0, '14/02/2010'),
(1402, 2009, 22, 'Desconocido', 'Sporting de Gijón', 'Valencia', 1, 1, 0, '13/02/2010'),
(1403, 2009, 22, 'Desconocido', 'Getafe', 'Almería', 2, 2, 0, '14/02/2010'),
(1404, 2009, 22, 'Desconocido', 'Atlético de Madrid', 'Barcelona', 2, 1, 0, '14/02/2010'),
(1405, 2009, 22, 'Desconocido', 'Racing de Santander', 'Málaga', 0, 3, 0, '14/02/2010'),
(1406, 2009, 23, 'Desconocido', 'Málaga', 'Espanyol', 2, 1, 0, '21/02/2010'),
(1407, 2009, 23, 'Desconocido', 'Deportivo de La Coru', 'Xerez', 2, 1, 0, '20/02/2010'),
(1408, 2009, 23, 'Desconocido', 'Real Madrid', 'Villarreal', 6, 2, 0, '21/02/2010'),
(1409, 2009, 23, 'Desconocido', 'Athletic Club', 'Tenerife', 4, 1, 0, '21/02/2010'),
(1410, 2009, 23, 'Desconocido', 'Mallorca', 'Sevilla', 1, 3, 0, '20/02/2010'),
(1411, 2009, 23, 'Desconocido', 'Osasuna', 'Valladolid', 1, 1, 0, '21/02/2010'),
(1412, 2009, 23, 'Desconocido', 'Real Zaragoza', 'Sporting de Gijón', 1, 3, 0, '21/02/2010'),
(1413, 2009, 23, 'Desconocido', 'Valencia', 'Getafe', 2, 1, 0, '22/02/2010'),
(1414, 2009, 23, 'Desconocido', 'Almería', 'Atlético de Madrid', 1, 0, 0, '21/02/2010'),
(1415, 2009, 23, 'Desconocido', 'Barcelona', 'Racing de Santander', 4, 0, 0, '20/02/2010'),
(1416, 2009, 24, 'Desconocido', 'Xerez', 'Espanyol', 1, 1, 0, '28/02/2010'),
(1417, 2009, 24, 'Desconocido', 'Villarreal', 'Deportivo de La Coru', 1, 0, 0, '28/02/2010'),
(1418, 2009, 24, 'Desconocido', 'Tenerife', 'Real Madrid', 1, 5, 0, '27/02/2010'),
(1419, 2009, 24, 'Desconocido', 'Sevilla', 'Athletic Club', 0, 0, 0, '28/02/2010'),
(1420, 2009, 24, 'Desconocido', 'Valladolid', 'Mallorca', 1, 2, 0, '28/02/2010'),
(1421, 2009, 24, 'Desconocido', 'Sporting de Gijón', 'Osasuna', 3, 2, 0, '28/02/2010'),
(1422, 2009, 24, 'Desconocido', 'Getafe', 'Real Zaragoza', 0, 2, 0, '27/02/2010'),
(1423, 2009, 24, 'Desconocido', 'Atlético de Madrid', 'Valencia', 4, 1, 0, '28/02/2010'),
(1424, 2009, 24, 'Desconocido', 'Racing de Santander', 'Almería', 0, 2, 0, '28/02/2010'),
(1425, 2009, 24, 'Desconocido', 'Barcelona', 'Málaga', 2, 1, 0, '27/02/2010'),
(1426, 2009, 25, 'Desconocido', 'Málaga', 'Xerez', 2, 4, 0, '07/03/2010'),
(1427, 2009, 25, 'Desconocido', 'Espanyol', 'Villarreal', 0, 0, 0, '07/03/2010'),
(1428, 2009, 25, 'Desconocido', 'Deportivo de La Coru', 'Tenerife', 3, 1, 0, '06/03/2010'),
(1429, 2009, 25, 'Desconocido', 'Real Madrid', 'Sevilla', 3, 2, 0, '06/03/2010'),
(1430, 2009, 25, 'Desconocido', 'Athletic Club', 'Valladolid', 2, 0, 0, '07/03/2010'),
(1431, 2009, 25, 'Desconocido', 'Mallorca', 'Sporting de Gijón', 3, 0, 0, '07/03/2010'),
(1432, 2009, 25, 'Desconocido', 'Osasuna', 'Getafe', 0, 0, 0, '07/03/2010'),
(1433, 2009, 25, 'Desconocido', 'Real Zaragoza', 'Atlético de Madrid', 1, 1, 0, '07/03/2010'),
(1434, 2009, 25, 'Desconocido', 'Valencia', 'Racing de Santander', 0, 0, 0, '08/03/2010'),
(1435, 2009, 25, 'Desconocido', 'Almería', 'Barcelona', 2, 2, 0, '06/03/2010'),
(1436, 2009, 26, 'Desconocido', 'Villarreal', 'Xerez', 2, 0, 0, '14/03/2010'),
(1437, 2009, 26, 'Desconocido', 'Tenerife', 'Espanyol', 4, 1, 0, '14/03/2010'),
(1438, 2009, 26, 'Desconocido', 'Sevilla', 'Deportivo de La Coru', 1, 1, 0, '13/03/2010'),
(1439, 2009, 26, 'Desconocido', 'Valladolid', 'Real Madrid', 1, 4, 0, '14/03/2010'),
(1440, 2009, 26, 'Desconocido', 'Sporting de Gijón', 'Athletic Club', 0, 0, 0, '13/03/2010'),
(1441, 2009, 26, 'Desconocido', 'Getafe', 'Mallorca', 3, 0, 0, '13/03/2010'),
(1442, 2009, 26, 'Desconocido', 'Atlético de Madrid', 'Osasuna', 1, 0, 0, '15/03/2010'),
(1443, 2009, 26, 'Desconocido', 'Racing de Santander', 'Real Zaragoza', 0, 0, 0, '14/03/2010'),
(1444, 2009, 26, 'Desconocido', 'Barcelona', 'Valencia', 3, 0, 0, '14/03/2010'),
(1445, 2009, 26, 'Desconocido', 'Almería', 'Málaga', 1, 0, 0, '14/03/2010'),
(1446, 2009, 27, 'Desconocido', 'Espanyol', 'Sevilla', 2, 0, 0, '20/03/2010'),
(1447, 2009, 27, 'Desconocido', 'Deportivo de La Coru', 'Valladolid', 0, 2, 0, '20/03/2010'),
(1448, 2009, 27, 'Desconocido', 'Real Madrid', 'Sporting de Gijón', 3, 1, 0, '20/03/2010'),
(1449, 2009, 27, 'Desconocido', 'Athletic Club', 'Getafe', 2, 2, 0, '20/03/2010'),
(1450, 2009, 27, 'Desconocido', 'Mallorca', 'Atlético de Madrid', 4, 1, 0, '21/03/2010'),
(1451, 2009, 27, 'Desconocido', 'Osasuna', 'Racing de Santander', 1, 3, 0, '21/03/2010'),
(1452, 2009, 27, 'Desconocido', 'Real Zaragoza', 'Barcelona', 2, 4, 0, '21/03/2010'),
(1453, 2009, 27, 'Desconocido', 'Valencia', 'Almería', 2, 0, 0, '21/03/2010'),
(1454, 2009, 27, 'Desconocido', 'Xerez', 'Tenerife', 2, 1, 0, '20/03/2010'),
(1455, 2009, 27, 'Desconocido', 'Málaga', 'Villarreal', 2, 0, 0, '21/03/2010'),
(1456, 2009, 28, 'Desconocido', 'Almería', 'Real Zaragoza', 1, 0, 0, '24/03/2010'),
(1457, 2009, 28, 'Desconocido', 'Valencia', 'Málaga', 1, 0, 0, '24/03/2010'),
(1458, 2009, 28, 'Desconocido', 'Tenerife', 'Villarreal', 2, 2, 0, '24/03/2010'),
(1459, 2009, 28, 'Desconocido', 'Sevilla', 'Xerez', 1, 1, 0, '23/03/2010'),
(1460, 2009, 28, 'Desconocido', 'Valladolid', 'Espanyol', 0, 0, 0, '24/03/2010'),
(1461, 2009, 28, 'Desconocido', 'Sporting de Gijón', 'Deportivo de La Coru', 2, 1, 0, '23/03/2010'),
(1462, 2009, 28, 'Desconocido', 'Getafe', 'Real Madrid', 2, 4, 0, '25/03/2010'),
(1463, 2009, 28, 'Desconocido', 'Atlético de Madrid', 'Athletic Club', 2, 0, 0, '25/03/2010'),
(1464, 2009, 28, 'Desconocido', 'Racing de Santander', 'Mallorca', 0, 0, 0, '24/03/2010'),
(1465, 2009, 28, 'Desconocido', 'Barcelona', 'Osasuna', 2, 0, 0, '24/03/2010'),
(1466, 2009, 29, 'Desconocido', 'Mallorca', 'Barcelona', 0, 1, 0, '27/03/2010'),
(1467, 2009, 29, 'Desconocido', 'Osasuna', 'Almería', 1, 0, 0, '28/03/2010'),
(1468, 2009, 29, 'Desconocido', 'Real Zaragoza', 'Valencia', 3, 0, 0, '27/03/2010'),
(1469, 2009, 29, 'Desconocido', 'Málaga', 'Tenerife', 1, 1, 0, '27/03/2010'),
(1470, 2009, 29, 'Desconocido', 'Villarreal', 'Sevilla', 3, 0, 0, '28/03/2010'),
(1471, 2009, 29, 'Desconocido', 'Xerez', 'Valladolid', 3, 0, 0, '28/03/2010'),
(1472, 2009, 29, 'Desconocido', 'Espanyol', 'Sporting de Gijón', 0, 0, 0, '28/03/2010'),
(1473, 2009, 29, 'Desconocido', 'Deportivo de La Coru', 'Getafe', 1, 3, 0, '28/03/2010'),
(1474, 2009, 29, 'Desconocido', 'Real Madrid', 'Atlético de Madrid', 3, 2, 0, '28/03/2010'),
(1475, 2009, 29, 'Desconocido', 'Athletic Club', 'Racing de Santander', 4, 3, 0, '29/03/2010'),
(1476, 2009, 30, 'Desconocido', 'Sevilla', 'Tenerife', 3, 0, 0, '03/04/2010'),
(1477, 2009, 30, 'Desconocido', 'Valladolid', 'Villarreal', 0, 2, 0, '04/04/2010'),
(1478, 2009, 30, 'Desconocido', 'Sporting de Gijón', 'Xerez', 2, 2, 0, '04/04/2010'),
(1479, 2009, 30, 'Desconocido', 'Getafe', 'Espanyol', 1, 1, 0, '04/04/2010'),
(1480, 2009, 30, 'Desconocido', 'Atlético de Madrid', 'Deportivo de La Coru', 3, 0, 0, '04/04/2010'),
(1481, 2009, 30, 'Desconocido', 'Racing de Santander', 'Real Madrid', 0, 2, 0, '04/04/2010'),
(1482, 2009, 30, 'Desconocido', 'Barcelona', 'Athletic Club', 4, 1, 0, '03/04/2010'),
(1483, 2009, 30, 'Desconocido', 'Almería', 'Mallorca', 1, 1, 0, '04/04/2010'),
(1484, 2009, 30, 'Desconocido', 'Valencia', 'Osasuna', 3, 0, 0, '04/04/2010'),
(1485, 2009, 30, 'Desconocido', 'Real Zaragoza', 'Málaga', 2, 0, 0, '03/04/2010'),
(1486, 2009, 31, 'Desconocido', 'Málaga', 'Sevilla', 1, 2, 0, '10/04/2010'),
(1487, 2009, 31, 'Desconocido', 'Tenerife', 'Valladolid', 0, 0, 0, '10/04/2010'),
(1488, 2009, 31, 'Desconocido', 'Villarreal', 'Sporting de Gijón', 1, 0, 0, '10/04/2010'),
(1489, 2009, 31, 'Desconocido', 'Xerez', 'Getafe', 0, 1, 0, '10/04/2010'),
(1490, 2009, 31, 'Desconocido', 'Espanyol', 'Atlético de Madrid', 3, 0, 0, '11/04/2010'),
(1491, 2009, 31, 'Desconocido', 'Deportivo de La Coru', 'Racing de Santander', 1, 1, 0, '11/04/2010'),
(1492, 2009, 31, 'Desconocido', 'Real Madrid', 'Barcelona', 0, 2, 0, '10/04/2010'),
(1493, 2009, 31, 'Desconocido', 'Athletic Club', 'Almería', 4, 1, 0, '11/04/2010'),
(1494, 2009, 31, 'Desconocido', 'Mallorca', 'Valencia', 3, 2, 0, '11/04/2010'),
(1495, 2009, 31, 'Desconocido', 'Osasuna', 'Real Zaragoza', 2, 0, 0, '11/04/2010'),
(1496, 2009, 32, 'Desconocido', 'Valladolid', 'Sevilla', 2, 1, 0, '13/04/2010'),
(1497, 2009, 32, 'Desconocido', 'Sporting de Gijón', 'Tenerife', 0, 2, 0, '13/04/2010'),
(1498, 2009, 32, 'Desconocido', 'Getafe', 'Villarreal', 3, 0, 0, '13/04/2010'),
(1499, 2009, 32, 'Desconocido', 'Atlético de Madrid', 'Xerez', 1, 2, 0, '14/04/2010'),
(1500, 2009, 32, 'Desconocido', 'Racing de Santander', 'Espanyol', 3, 1, 0, '14/04/2010'),
(1501, 2009, 32, 'Desconocido', 'Barcelona', 'Deportivo de La Coru', 3, 0, 0, '14/04/2010'),
(1502, 2009, 32, 'Desconocido', 'Almería', 'Real Madrid', 1, 2, 0, '15/04/2010'),
(1503, 2009, 32, 'Desconocido', 'Valencia', 'Athletic Club', 2, 0, 0, '15/04/2010'),
(1504, 2009, 32, 'Desconocido', 'Real Zaragoza', 'Mallorca', 1, 1, 0, '14/04/2010'),
(1505, 2009, 32, 'Desconocido', 'Osasuna', 'Málaga', 2, 2, 0, '14/04/2010'),
(1506, 2009, 33, 'Desconocido', 'Málaga', 'Valladolid', 0, 0, 0, '18/04/2010'),
(1507, 2009, 33, 'Desconocido', 'Sevilla', 'Sporting de Gijón', 3, 0, 0, '17/04/2010'),
(1508, 2009, 33, 'Desconocido', 'Tenerife', 'Getafe', 3, 2, 0, '18/04/2010'),
(1509, 2009, 33, 'Desconocido', 'Villarreal', 'Atlético de Madrid', 2, 1, 0, '17/04/2010'),
(1510, 2009, 33, 'Desconocido', 'Xerez', 'Racing de Santander', 2, 2, 0, '18/04/2010'),
(1511, 2009, 33, 'Desconocido', 'Espanyol', 'Barcelona', 0, 0, 0, '17/04/2010'),
(1512, 2009, 33, 'Desconocido', 'Deportivo de La Coru', 'Almería', 0, 0, 0, '18/04/2010'),
(1513, 2009, 33, 'Desconocido', 'Real Madrid', 'Valencia', 2, 0, 0, '18/04/2010'),
(1514, 2009, 33, 'Desconocido', 'Athletic Club', 'Real Zaragoza', 0, 0, 0, '18/04/2010'),
(1515, 2009, 33, 'Desconocido', 'Mallorca', 'Osasuna', 2, 0, 0, '19/04/2010'),
(1516, 2009, 34, 'Desconocido', 'Sporting de Gijón', 'Valladolid', 0, 2, 0, '25/04/2010'),
(1517, 2009, 34, 'Desconocido', 'Getafe', 'Sevilla', 4, 3, 0, '25/04/2010'),
(1518, 2009, 34, 'Desconocido', 'Atlético de Madrid', 'Tenerife', 3, 1, 0, '25/04/2010'),
(1519, 2009, 34, 'Desconocido', 'Racing de Santander', 'Villarreal', 1, 2, 0, '25/04/2010'),
(1520, 2009, 34, 'Desconocido', 'Barcelona', 'Xerez', 3, 1, 0, '24/04/2010'),
(1521, 2009, 34, 'Desconocido', 'Almería', 'Espanyol', 0, 1, 0, '25/04/2010'),
(1522, 2009, 34, 'Desconocido', 'Valencia', 'Deportivo de La Coru', 1, 0, 0, '24/04/2010'),
(1523, 2009, 34, 'Desconocido', 'Real Zaragoza', 'Real Madrid', 1, 2, 0, '24/04/2010'),
(1524, 2009, 34, 'Desconocido', 'Osasuna', 'Athletic Club', 0, 0, 0, '26/04/2010'),
(1525, 2009, 34, 'Desconocido', 'Mallorca', 'Málaga', 1, 1, 0, '25/04/2010'),
(1526, 2009, 35, 'Desconocido', 'Málaga', 'Sporting de Gijón', 1, 1, 0, '01/05/2010'),
(1527, 2009, 35, 'Desconocido', 'Valladolid', 'Getafe', 0, 0, 0, '01/05/2010'),
(1528, 2009, 35, 'Desconocido', 'Sevilla', 'Atlético de Madrid', 3, 1, 0, '02/05/2010'),
(1529, 2009, 35, 'Desconocido', 'Tenerife', 'Racing de Santander', 2, 1, 0, '01/05/2010'),
(1530, 2009, 35, 'Desconocido', 'Villarreal', 'Barcelona', 1, 4, 0, '01/05/2010'),
(1531, 2009, 35, 'Desconocido', 'Xerez', 'Almería', 2, 1, 0, '01/05/2010'),
(1532, 2009, 35, 'Desconocido', 'Espanyol', 'Valencia', 0, 2, 0, '01/05/2010'),
(1533, 2009, 35, 'Desconocido', 'Deportivo de La Coru', 'Real Zaragoza', 0, 1, 0, '01/05/2010'),
(1534, 2009, 35, 'Desconocido', 'Real Madrid', 'Osasuna', 3, 2, 0, '02/05/2010'),
(1535, 2009, 35, 'Desconocido', 'Athletic Club', 'Mallorca', 1, 3, 0, '02/05/2010'),
(1536, 2009, 36, 'Desconocido', 'Getafe', 'Sporting de Gijón', 1, 1, 0, '04/05/2010'),
(1537, 2009, 36, 'Desconocido', 'Atlético de Madrid', 'Valladolid', 3, 1, 0, '05/05/2010'),
(1538, 2009, 36, 'Desconocido', 'Racing de Santander', 'Sevilla', 1, 5, 0, '05/05/2010'),
(1539, 2009, 36, 'Desconocido', 'Barcelona', 'Tenerife', 4, 1, 0, '04/05/2010'),
(1540, 2009, 36, 'Desconocido', 'Almería', 'Villarreal', 4, 2, 0, '04/05/2010'),
(1541, 2009, 36, 'Desconocido', 'Valencia', 'Xerez', 3, 1, 0, '04/05/2010'),
(1542, 2009, 36, 'Desconocido', 'Real Zaragoza', 'Espanyol', 1, 0, 0, '05/05/2010'),
(1543, 2009, 36, 'Desconocido', 'Osasuna', 'Deportivo de La Coru', 3, 1, 0, '05/05/2010'),
(1544, 2009, 36, 'Desconocido', 'Mallorca', 'Real Madrid', 1, 4, 0, '05/05/2010'),
(1545, 2009, 36, 'Desconocido', 'Athletic Club', 'Málaga', 1, 1, 0, '05/05/2010'),
(1546, 2009, 37, 'Desconocido', 'Getafe', 'Málaga', 2, 1, 0, '08/05/2010'),
(1547, 2009, 37, 'Desconocido', 'Sporting de Gijón', 'Atlético de Madrid', 1, 1, 0, '08/05/2010'),
(1548, 2009, 37, 'Desconocido', 'Valladolid', 'Racing de Santander', 2, 1, 0, '08/05/2010'),
(1549, 2009, 37, 'Desconocido', 'Sevilla', 'Barcelona', 2, 3, 0, '08/05/2010'),
(1550, 2009, 37, 'Desconocido', 'Tenerife', 'Almería', 2, 2, 0, '08/05/2010'),
(1551, 2009, 37, 'Desconocido', 'Villarreal', 'Valencia', 2, 0, 0, '08/05/2010'),
(1552, 2009, 37, 'Desconocido', 'Xerez', 'Real Zaragoza', 3, 2, 0, '08/05/2010'),
(1553, 2009, 37, 'Desconocido', 'Espanyol', 'Osasuna', 2, 1, 0, '08/05/2010'),
(1554, 2009, 37, 'Desconocido', 'Deportivo de La Coru', 'Mallorca', 1, 0, 0, '08/05/2010'),
(1555, 2009, 37, 'Desconocido', 'Real Madrid', 'Athletic Club', 5, 1, 0, '08/05/2010'),
(1556, 2009, 38, 'Desconocido', 'Atlético de Madrid', 'Getafe', 0, 3, 0, '15/05/2010'),
(1557, 2009, 38, 'Desconocido', 'Racing de Santander', 'Sporting de Gijón', 2, 0, 0, '16/05/2010'),
(1558, 2009, 38, 'Desconocido', 'Barcelona', 'Valladolid', 4, 0, 0, '16/05/2010'),
(1559, 2009, 38, 'Desconocido', 'Almería', 'Sevilla', 2, 3, 0, '15/05/2010'),
(1560, 2009, 38, 'Desconocido', 'Valencia', 'Tenerife', 1, 0, 0, '16/05/2010'),
(1561, 2009, 38, 'Desconocido', 'Real Zaragoza', 'Villarreal', 3, 3, 0, '15/05/2010'),
(1562, 2009, 38, 'Desconocido', 'Osasuna', 'Xerez', 1, 1, 0, '16/05/2010'),
(1563, 2009, 38, 'Desconocido', 'Mallorca', 'Espanyol', 2, 0, 0, '15/05/2010'),
(1564, 2009, 38, 'Desconocido', 'Athletic Club', 'Deportivo de La Coru', 2, 0, 0, '15/05/2010'),
(1565, 2009, 38, 'Desconocido', 'Málaga', 'Real Madrid', 1, 1, 0, '16/05/2010');

-- --------------------------------------------------------

--
-- Estructura de tabla para la tabla `apuestaexperto`
--

CREATE TABLE IF NOT EXISTS `apuestaexperto` (
  `IDApuesta` int(5) NOT NULL AUTO_INCREMENT,
  `IDExperto` int(5) NOT NULL,
  `IDActa` int(5) NOT NULL,
  `Resultado` varchar(1) COLLATE utf8_spanish2_ci NOT NULL,
  PRIMARY KEY (`IDApuesta`),
  KEY `apuestaexperto_ibfk_1` (`IDActa`),
  KEY `apuestaexperto_ibfk_2` (`IDExperto`)
) ENGINE=InnoDB DEFAULT CHARSET=utf8 COLLATE=utf8_spanish2_ci AUTO_INCREMENT=1 ;

-- --------------------------------------------------------

--
-- Estructura de tabla para la tabla `colegiado`
--

CREATE TABLE IF NOT EXISTS `colegiado` (
  `NumeroColegiado` int(6) NOT NULL,
  `NombreColegiado` varchar(40) COLLATE utf8mb4_spanish2_ci NOT NULL,
  `Apellido1Colegiado` varchar(20) COLLATE utf8mb4_spanish2_ci NOT NULL,
  `Apellido2Colegiado` varchar(20) COLLATE utf8mb4_spanish2_ci NOT NULL,
  `NombreFederacion` varchar(20) COLLATE utf8mb4_spanish2_ci NOT NULL,
  PRIMARY KEY (`NumeroColegiado`),
  UNIQUE KEY `NumeroColegiado` (`NumeroColegiado`)
) ENGINE=InnoDB DEFAULT CHARSET=utf8mb4 COLLATE=utf8mb4_spanish2_ci;

--
-- Volcado de datos para la tabla `colegiado`
--

INSERT INTO `colegiado` (`NumeroColegiado`, `NombreColegiado`, `Apellido1Colegiado`, `Apellido2Colegiado`, `NombreFederacion`) VALUES
(0, 'Desconocido', 'Desconocido', 'Desconocido', 'Desconocido'),
(111222, 'Carlos', 'Velasco', 'Carballo', 'Madrileña'),
(222333, 'Fernando', 'Teixeira', 'Vittienes', 'Cántabra'),
(333222, 'Alberto', 'Undiano', 'Mallenco', 'Navarra'),
(456721, 'César ', 'Muñiz', 'Fernández', 'Asturiana'),
(456722, 'Miguel Ángel', 'Pérez', 'Lasa', 'Guipuzcoana');

-- --------------------------------------------------------

--
-- Estructura de tabla para la tabla `direccion`
--

CREATE TABLE IF NOT EXISTS `direccion` (
  `IDDireccion` int(20) NOT NULL AUTO_INCREMENT,
  `TipoCalle` varchar(20) COLLATE utf8mb4_spanish2_ci NOT NULL,
  `NombreCalle` varchar(30) COLLATE utf8mb4_spanish2_ci NOT NULL,
  `NumeroCalle` int(5) NOT NULL,
  `CodigoPostal` int(6) NOT NULL,
  PRIMARY KEY (`IDDireccion`),
  KEY `CodigoPostal` (`CodigoPostal`)
) ENGINE=InnoDB  DEFAULT CHARSET=utf8mb4 COLLATE=utf8mb4_spanish2_ci AUTO_INCREMENT=6 ;

--
-- Volcado de datos para la tabla `direccion`
--

INSERT INTO `direccion` (`IDDireccion`, `TipoCalle`, `NombreCalle`, `NumeroCalle`, `CodigoPostal`) VALUES
(1, 'Avenida', 'EstadioAnoeta', 0, 2001),
(2, 'Calle', 'EstadioDeMestalla', 25, 46010),
(3, 'Calle', 'CalledeCampNOU', 21, 2000),
(4, 'Calle', 'CalleDelBernabeu', 1, 28025),
(5, 'Calle', 'DeGetafe', 1, 2321);

-- --------------------------------------------------------

--
-- Estructura de tabla para la tabla `equipo`
--

CREATE TABLE IF NOT EXISTS `equipo` (
  `NombreEquipo` varchar(20) COLLATE utf8mb4_spanish2_ci NOT NULL,
  `NombreEstadio` varchar(20) COLLATE utf8mb4_spanish2_ci NOT NULL,
  `NumeroLigas` int(11) NOT NULL,
  `NumeroCopas` int(11) NOT NULL,
  `Fundacion` int(11) NOT NULL,
  `NT1` int(11) NOT NULL,
  `Puntos` int(11) NOT NULL,
  `PJ` int(11) NOT NULL,
  `PG` int(11) NOT NULL,
  `PE` int(11) NOT NULL,
  `PP` int(11) NOT NULL,
  `GF` int(11) NOT NULL,
  `GC` int(11) NOT NULL,
  `UT1` int(11) NOT NULL,
  `NT2` int(11) NOT NULL,
  `NT3` int(11) NOT NULL,
  PRIMARY KEY (`NombreEquipo`),
  UNIQUE KEY `NombreEquipo` (`NombreEquipo`),
  KEY `NombreEstadio` (`NombreEstadio`)
) ENGINE=InnoDB DEFAULT CHARSET=utf8mb4 COLLATE=utf8mb4_spanish2_ci;

--
-- Volcado de datos para la tabla `equipo`
--

INSERT INTO `equipo` (`NombreEquipo`, `NombreEstadio`, `NumeroLigas`, `NumeroCopas`, `Fundacion`, `NT1`, `Puntos`, `PJ`, `PG`, `PE`, `PP`, `GF`, `GC`, `UT1`, `NT2`, `NT3`) VALUES
('AD Almería', 'Los Carmenes', 0, 0, 1971, 2, 2, 68, 17, 18, 33, 72, 116, 1980, 4, 0),
('Alavés', 'Los Carmenes', 0, 0, 1921, 11, 11, 342, 111, 68, 163, 417, 585, 2005, 34, 0),
('Albacete', 'Los Carmenes', 0, 0, 1940, 7, 7, 270, 76, 76, 118, 320, 410, 2004, 18, 0),
('Alcoyano', 'Los Carmenes', 0, 0, 1928, 4, 4, 108, 30, 16, 62, 145, 252, 1950, 12, 0),
('Almería', 'Los Carmenes', 0, 0, 1989, 4, 4, 152, 43, 41, 68, 166, 231, 2010, 9, 0),
('Arenas', 'Los Carmenes', 0, 1, 1909, 7, 7, 130, 43, 21, 66, 227, 308, 1934, 6, 0),
('Athletic Club', 'Los Carmenes', 8, 23, 1898, 82, 82, 2610, 1137, 599, 874, 4412, 3532, 2012, 0, 0),
('Atlético de Madrid', 'Los Carmenes', 9, 10, 1903, 76, 76, 2462, 1139, 570, 753, 4257, 3209, 2012, 6, 0),
('Barcelona', 'Camp Nou', 0, 0, 0, 0, 0, 0, 0, 0, 0, 0, 0, 0, 0, 0),
('Betis', 'Los Carmenes', 1, 2, 1907, 48, 48, 1614, 579, 412, 623, 2051, 2297, 2012, 27, 0),
('Burgos', 'Los Carmenes', 0, 0, 1922, 6, 6, 204, 59, 50, 95, 216, 310, 1979, 18, 0),
('Burgos?', 'Los Carmenes', 0, 0, 1922, 6, 6, 204, 59, 50, 95, 216, 310, 1979, 18, 0),
('Cádiz', 'Los Carmenes', 0, 0, 1910, 12, 12, 448, 104, 127, 217, 393, 662, 2005, 37, 0),
('Castellón', 'Los Carmenes', 0, 0, 1922, 11, 11, 334, 103, 79, 152, 419, 588, 1990, 41, 0),
('CD Málaga', 'Los Carmenes', 0, 0, 1933, 20, 20, 648, 186, 171, 291, 666, 930, 1989, 31, 0),
('CD Málaga?', 'Los Carmenes', 0, 0, 1933, 20, 20, 648, 186, 171, 291, 666, 930, 1989, 31, 0),
('Celta de Vigo', 'Los Carmenes', 0, 0, 1923, 47, 47, 1546, 529, 355, 662, 2078, 2399, 2012, 32, 0),
('Compostela', 'Los Carmenes', 0, 0, 1962, 4, 4, 160, 52, 45, 63, 199, 241, 1997, 7, 0),
('Condal', 'Los Carmenes', 0, 0, 1934, 1, 1, 30, 7, 8, 15, 37, 57, 1956, 10, 0),
('Condal?', 'Los Carmenes', 0, 0, 1934, 1, 1, 30, 7, 8, 15, 37, 57, 1956, 10, 0),
('Córdoba', 'Los Carmenes', 0, 0, 1954, 8, 8, 244, 79, 52, 113, 263, 362, 1971, 28, 0),
('Cultural Leonesa', 'Los Carmenes', 0, 0, 1923, 1, 1, 30, 5, 4, 21, 34, 65, 1955, 14, 0),
('Deportivo de La Coru', 'Los Carmenes', 1, 2, 1906, 42, 42, 1416, 540, 348, 528, 1929, 2011, 2012, 38, 0),
('Elche', 'Los Carmenes', 0, 0, 1923, 19, 19, 602, 183, 159, 260, 685, 910, 1988, 35, 0),
('Espanyol', 'Los Carmenes', 0, 4, 1900, 78, 78, 2474, 897, 571, 1006, 3432, 3658, 2012, 4, 0),
('Europa', 'Los Carmenes', 0, 0, 1907, 3, 3, 54, 18, 6, 30, 97, 131, 1930, 5, 0),
('Extremadura', 'Los Carmenes', 0, 0, 1924, 2, 2, 80, 20, 23, 37, 62, 117, 1998, 13, 0),
('Getafe', 'Coliseum ', 0, 0, 0, 0, 0, 0, 0, 0, 0, 0, 0, 0, 0, 0),
('Gimnàstic de Tarrago', 'Los Carmenes', 0, 0, 1914, 4, 4, 116, 34, 16, 66, 181, 295, 2006, 18, 0),
('Granada', 'Los Carmenes', 0, 0, 1931, 19, 19, 590, 185, 139, 266, 682, 887, 2012, 31, 0),
('Hércules', 'Los Carmenes', 0, 0, 1922, 20, 20, 628, 184, 149, 295, 716, 1050, 2010, 42, 0),
('Jaén', 'Los Carmenes', 0, 0, 1922, 3, 3, 90, 29, 13, 48, 121, 183, 1957, 15, 0),
('Las Palmas', 'Los Carmenes', 0, 0, 1949, 31, 31, 1020, 345, 225, 450, 1249, 1619, 2001, 26, 0),
('Levante', 'Los Carmenes', 0, 0, 1909, 8, 8, 288, 84, 65, 139, 324, 452, 2012, 39, 0),
('Logroñés', 'Los Carmenes', 0, 0, 1940, 9, 9, 346, 96, 92, 158, 291, 489, 1996, 19, 0),
('Lleida', 'Los Carmenes', 0, 0, 1939, 2, 2, 68, 13, 14, 41, 70, 182, 1993, 24, 0),
('Lleida?', 'Los Carmenes', 0, 0, 1939, 2, 2, 68, 13, 14, 41, 70, 182, 1993, 24, 0),
('Málaga', 'La rosaleda', 0, 0, 0, 0, 0, 0, 0, 0, 0, 0, 0, 0, 0, 0),
('Mallorca', 'Los Carmenes', 0, 1, 1916, 27, 27, 988, 333, 256, 399, 1182, 1371, 2012, 31, 0),
('Mérida', 'Los Carmenes', 0, 0, 1912, 2, 2, 80, 19, 24, 37, 70, 115, 1997, 7, 0),
('Mérida?', 'Los Carmenes', 0, 0, 1912, 2, 2, 80, 19, 24, 37, 70, 115, 1997, 7, 0),
('Murcia', 'Los Carmenes', 0, 0, 1920, 18, 18, 586, 145, 143, 298, 607, 992, 2007, 52, 0),
('Numancia', 'Los Carmenes', 0, 0, 1945, 4, 4, 152, 37, 37, 78, 155, 253, 2008, 14, 0),
('Osasuna', 'Los Carmenes', 0, 0, 1920, 35, 35, 1242, 412, 308, 522, 1428, 1678, 2012, 33, 0),
('Pontevedra', 'Los Carmenes', 0, 0, 1941, 6, 6, 180, 53, 44, 83, 165, 221, 1969, 9, 0),
('Racing de Santander', 'Los Carmenes', 0, 0, 1913, 44, 44, 1428, 453, 336, 639, 1843, 2368, 2011, 33, 0),
('Rayo Vallecano', 'Los Carmenes', 0, 0, 1924, 14, 14, 528, 152, 129, 247, 616, 867, 2012, 34, 0),
('Real Burgos', 'Los Carmenes', 0, 0, 1983, 3, 3, 114, 26, 44, 44, 101, 139, 1992, 4, 0),
('Real Burgos?', 'Los Carmenes', 0, 0, 1983, 3, 3, 114, 26, 44, 44, 101, 139, 1992, 4, 0),
('Real Madrid', 'Santiago Bernabéu', 32, 18, 1902, 82, 82, 2610, 1533, 532, 545, 5509, 2989, 2014, 0, 0),
('Real Oviedo', 'Los Carmenes', 0, 0, 1926, 38, 38, 1192, 408, 292, 492, 1642, 1951, 2000, 32, 0),
('Real Sociedad', 'Anoeta', 0, 0, 0, 0, 0, 0, 0, 0, 0, 0, 0, 0, 0, 0),
('Real Unión', 'Los Carmenes', 0, 4, 1915, 4, 4, 72, 21, 14, 37, 153, 184, 1931, 10, 0),
('Real Zaragoza', 'Los Carmenes', 0, 6, 1932, 58, 58, 1986, 698, 522, 766, 2683, 2847, 2012, 19, 0),
('Recreativo de Huelva', 'Los Carmenes', 0, 0, 1889, 5, 5, 186, 50, 46, 90, 202, 296, 2008, 36, 0),
('Sabadell', 'Los Carmenes', 0, 0, 1903, 14, 14, 426, 129, 95, 202, 492, 720, 1987, 41, 0),
('Salamanca', 'Los Carmenes', 0, 0, 1923, 12, 12, 424, 124, 102, 198, 425, 581, 1998, 34, 0),
('Sevilla', 'Los Carmenes', 1, 5, 1905, 69, 69, 2256, 914, 496, 846, 3420, 3177, 2012, 13, 0),
('Sporting de Gijón', 'Los Carmenes', 0, 0, 1905, 40, 40, 1382, 454, 339, 589, 1671, 2018, 2011, 42, 0),
('Tenerife', 'Los Carmenes', 0, 0, 1922, 13, 13, 494, 155, 128, 211, 619, 744, 2009, 36, 0),
('Tetuán', 'Los Carmenes', 0, 0, 1922, 1, 1, 30, 7, 5, 18, 51, 85, 1951, 6, 0),
('Valencia', 'Mestalla', 0, 0, 0, 0, 0, 0, 0, 0, 0, 0, 0, 0, 0, 0),
('Valladolid', 'Los Carmenes', 0, 0, 1928, 41, 41, 1428, 456, 369, 603, 1727, 2122, 2012, 31, 0),
('Villarreal', 'Los Carmenes', 0, 0, 1923, 13, 13, 494, 196, 132, 166, 684, 640, 2011, 10, 0),
('Xerez', 'Los Carmenes', 0, 0, 1947, 1, 1, 38, 8, 10, 20, 38, 66, 2009, 33, 0);

-- --------------------------------------------------------

--
-- Estructura de tabla para la tabla `estadio`
--

CREATE TABLE IF NOT EXISTS `estadio` (
  `NombreEstadio` varchar(20) COLLATE utf8mb4_spanish2_ci NOT NULL,
  `AforoMaximo` int(9) NOT NULL,
  PRIMARY KEY (`NombreEstadio`),
  UNIQUE KEY `NombreEstadio` (`NombreEstadio`)
) ENGINE=InnoDB DEFAULT CHARSET=utf8mb4 COLLATE=utf8mb4_spanish2_ci;

--
-- Volcado de datos para la tabla `estadio`
--

INSERT INTO `estadio` (`NombreEstadio`, `AforoMaximo`) VALUES
('Anoeta', 32000),
('Camp Nou', 100000),
('Coliseum ', 25000),
('Desconocido', 0),
('La rosaleda', 35000),
('Los carmenes', 25000),
('Mestalla', 52600),
('Santiago Bernabéu', 85000);

-- --------------------------------------------------------

--
-- Estructura de tabla para la tabla `experto`
--

CREATE TABLE IF NOT EXISTS `experto` (
  `IDExperto` int(5) NOT NULL AUTO_INCREMENT,
  `nombre` varchar(100) CHARACTER SET latin1 COLLATE latin1_spanish_ci NOT NULL,
  `URL` varchar(100) CHARACTER SET latin1 COLLATE latin1_spanish_ci NOT NULL,
  PRIMARY KEY (`IDExperto`)
) ENGINE=InnoDB DEFAULT CHARSET=utf8 COLLATE=utf8_spanish2_ci AUTO_INCREMENT=1 ;

-- --------------------------------------------------------

--
-- Estructura de tabla para la tabla `gol`
--

CREATE TABLE IF NOT EXISTS `gol` (
  `IDActa` int(20) NOT NULL,
  `Minuto` int(20) NOT NULL,
  `DorsalGoleador` int(20) NOT NULL,
  `EquipoGoleador` varchar(20) COLLATE utf8mb4_spanish2_ci NOT NULL,
  `Forma` varchar(20) COLLATE utf8mb4_spanish2_ci NOT NULL,
  KEY `IDActa` (`IDActa`),
  KEY `IDActa_2` (`IDActa`),
  KEY `EquipoGoleador` (`EquipoGoleador`)
) ENGINE=InnoDB DEFAULT CHARSET=utf8mb4 COLLATE=utf8mb4_spanish2_ci;

--
-- Volcado de datos para la tabla `gol`
--

INSERT INTO `gol` (`IDActa`, `Minuto`, `DorsalGoleador`, `EquipoGoleador`, `Forma`) VALUES
(2, 40, 5, 'Real Sociedad', 'Cabeza'),
(2, 42, 9, 'Real Sociedad', 'Pie izquierdo'),
(3, 1, 6, 'Valencia', 'Cabeza'),
(3, 3, 6, 'Valencia', 'Pie izquierdo'),
(4, 45, 10, 'Real Sociedad', 'Cabeza'),
(4, 47, 10, 'Real Sociedad', 'Pie derecho'),
(4, 90, 10, 'Real Sociedad', 'Mano'),
(2, 90, 11, 'Real Sociedad', 'Cabeza'),
(2, 87, 6, 'Valencia', 'Cabeza'),
(2, 89, 5, 'Valencia', 'Cabeza'),
(2, 90, 1, 'Valencia', 'Cabeza'),
(5, 1, 7, 'Real Madrid', 'Cabeza'),
(5, 90, 7, 'Real Madrid', 'Cabeza'),
(2, 40, 5, 'Real Sociedad', 'Cabeza'),
(2, 42, 9, 'Real Sociedad', 'Pie izquierdo'),
(3, 1, 6, 'Valencia', 'Cabeza'),
(3, 3, 6, 'Valencia', 'Pie izquierdo'),
(4, 45, 10, 'Real Sociedad', 'Cabeza'),
(4, 47, 10, 'Real Sociedad', 'Pie derecho'),
(4, 90, 10, 'Real Sociedad', 'Mano'),
(2, 90, 11, 'Real Sociedad', 'Cabeza'),
(2, 87, 6, 'Valencia', 'Cabeza'),
(2, 89, 5, 'Valencia', 'Cabeza'),
(2, 90, 1, 'Valencia', 'Cabeza'),
(5, 1, 7, 'Real Madrid', 'Cabeza'),
(5, 90, 7, 'Real Madrid', 'Cabeza'),
(2, 40, 5, 'Real Sociedad', 'Cabeza'),
(2, 42, 9, 'Real Sociedad', 'Pie izquierdo'),
(3, 1, 6, 'Valencia', 'Cabeza'),
(3, 3, 6, 'Valencia', 'Pie izquierdo'),
(4, 45, 10, 'Real Sociedad', 'Cabeza'),
(4, 47, 10, 'Real Sociedad', 'Pie derecho'),
(4, 90, 10, 'Real Sociedad', 'Mano'),
(2, 90, 11, 'Real Sociedad', 'Cabeza'),
(2, 87, 6, 'Valencia', 'Cabeza'),
(2, 89, 5, 'Valencia', 'Cabeza'),
(2, 90, 1, 'Valencia', 'Cabeza'),
(5, 1, 7, 'Real Madrid', 'Cabeza'),
(5, 90, 7, 'Real Madrid', 'Cabeza');

-- --------------------------------------------------------

--
-- Estructura de tabla para la tabla `juegaen`
--

CREATE TABLE IF NOT EXISTS `juegaen` (
  `IDJugador` int(20) NOT NULL,
  `NombreEquipo` varchar(20) COLLATE utf8mb4_spanish2_ci NOT NULL,
  `DorsalJugador` int(20) NOT NULL,
  KEY `NombreJugador` (`IDJugador`,`NombreEquipo`),
  KEY `NombreEquipo` (`NombreEquipo`),
  KEY `NombreJugador_2` (`IDJugador`),
  KEY `IDJugador` (`IDJugador`)
) ENGINE=InnoDB DEFAULT CHARSET=utf8mb4 COLLATE=utf8mb4_spanish2_ci;

--
-- Volcado de datos para la tabla `juegaen`
--

INSERT INTO `juegaen` (`IDJugador`, `NombreEquipo`, `DorsalJugador`) VALUES
(1, 'Valencia', 1),
(2, 'Valencia', 2),
(3, 'Valencia', 4),
(4, 'Valencia', 5),
(5, 'Valencia', 6),
(7, 'Real Sociedad', 10),
(8, 'Real Sociedad', 5),
(9, 'Real Sociedad', 9),
(10, 'Real Sociedad', 1),
(11, 'Real Sociedad', 11),
(12, 'Real Madrid', 7),
(1, 'Valencia', 1),
(2, 'Valencia', 2),
(3, 'Valencia', 4),
(4, 'Valencia', 5),
(5, 'Valencia', 6),
(7, 'Real Sociedad', 10),
(8, 'Real Sociedad', 5),
(9, 'Real Sociedad', 9),
(10, 'Real Sociedad', 1),
(11, 'Real Sociedad', 11),
(12, 'Real Madrid', 7),
(1, 'Valencia', 1),
(2, 'Valencia', 2),
(3, 'Valencia', 4),
(4, 'Valencia', 5),
(5, 'Valencia', 6),
(7, 'Real Sociedad', 10),
(8, 'Real Sociedad', 5),
(9, 'Real Sociedad', 9),
(10, 'Real Sociedad', 1),
(11, 'Real Sociedad', 11),
(12, 'Real Madrid', 7);

-- --------------------------------------------------------

--
-- Estructura de tabla para la tabla `jugador`
--

CREATE TABLE IF NOT EXISTS `jugador` (
  `IDJugador` int(100) NOT NULL AUTO_INCREMENT,
  `NombreJugador` varchar(20) COLLATE utf8mb4_spanish2_ci NOT NULL,
  `Apellido1Jugador` varchar(20) COLLATE utf8mb4_spanish2_ci NOT NULL,
  `Apellido2Jugador` varchar(20) COLLATE utf8mb4_spanish2_ci DEFAULT NULL,
  `Goles` int(5) NOT NULL,
  `Posicion` varchar(150) CHARACTER SET armscii8 NOT NULL,
  `PartidosTitular` int(5) NOT NULL,
  `PartidosSuplente` int(5) NOT NULL,
  `Lesiones` int(3) NOT NULL,
  `Nacionalidad` varchar(20) COLLATE utf8mb4_spanish2_ci NOT NULL,
  `Altura` int(3) NOT NULL,
  `FechaNacimiento` datetime NOT NULL,
  PRIMARY KEY (`IDJugador`),
  UNIQUE KEY `IDJugador` (`IDJugador`)
) ENGINE=InnoDB  DEFAULT CHARSET=utf8mb4 COLLATE=utf8mb4_spanish2_ci AUTO_INCREMENT=13 ;

--
-- Volcado de datos para la tabla `jugador`
--

INSERT INTO `jugador` (`IDJugador`, `NombreJugador`, `Apellido1Jugador`, `Apellido2Jugador`, `Goles`, `Posicion`, `PartidosTitular`, `PartidosSuplente`, `Lesiones`, `Nacionalidad`, `Altura`, `FechaNacimiento`) VALUES
(1, 'Diego', 'Alves', 'Carreira', 0, '', 0, 0, 0, 'Brasil', 188, '1985-06-24 00:00:00'),
(2, 'Pablo Daniel', 'Piatti', NULL, 0, '', 0, 0, 0, 'Argentina', 163, '1989-03-31 00:00:00'),
(3, 'Adil', 'Rami', NULL, 0, '', 0, 0, 0, 'Francia', 190, '1985-12-27 00:00:00'),
(4, 'Víctor', 'Ruiz', 'Torre', 0, '', 0, 0, 0, 'España', 185, '1989-01-25 00:00:00'),
(5, 'Oriol', 'Romeu', 'Vidal', 0, '', 0, 0, 0, 'España', 183, '1991-09-24 00:00:00'),
(7, 'Antoine', 'Griezzman', 'Test', 0, '', 0, 0, 0, 'Francia', 170, '1993-10-31 00:00:00'),
(8, 'Markel', 'Bergara', 'Larrañaga', 0, '', 0, 0, 0, 'España', 180, '1986-05-05 00:00:00'),
(9, 'Imanol', 'Aguirretxe', 'Arruti', 0, '', 0, 0, 0, 'España', 187, '1987-02-24 00:00:00'),
(10, 'Claudio Andrés', 'Bravo', 'Muñoz', 0, '', 0, 0, 0, 'Chile', 190, '1985-06-24 00:00:00'),
(11, 'Carlos Alberto', 'Vela', 'Garrido', 0, '', 0, 0, 0, 'Mexico', 175, '1987-02-24 00:00:00'),
(12, 'Cristiano', 'Ronaldo', NULL, 0, '', 0, 0, 0, 'Portugal', 185, '1985-10-29 00:00:00');

-- --------------------------------------------------------

--
-- Estructura de tabla para la tabla `población`
--

CREATE TABLE IF NOT EXISTS `población` (
  `CodigoPostal` int(6) NOT NULL,
  `NombrePoblacion` varchar(20) COLLATE utf8mb4_spanish2_ci NOT NULL,
  PRIMARY KEY (`CodigoPostal`),
  UNIQUE KEY `CodigoPostal` (`CodigoPostal`)
) ENGINE=InnoDB DEFAULT CHARSET=utf8mb4 COLLATE=utf8mb4_spanish2_ci;

--
-- Volcado de datos para la tabla `población`
--

INSERT INTO `población` (`CodigoPostal`, `NombrePoblacion`) VALUES
(2000, 'Barcelona'),
(2001, 'SanSebastian'),
(2321, 'Getafe'),
(28025, 'Madrid'),
(46010, 'Valencia');

-- --------------------------------------------------------

--
-- Estructura de tabla para la tabla `resultado`
--

CREATE TABLE IF NOT EXISTS `resultado` (
  `IDActa` int(20) NOT NULL,
  `GolesLocal` int(20) NOT NULL,
  `GolesVisitante` int(20) NOT NULL,
  KEY `IDActa` (`IDActa`)
) ENGINE=InnoDB DEFAULT CHARSET=utf8mb4 COLLATE=utf8mb4_spanish2_ci;

--
-- Volcado de datos para la tabla `resultado`
--

INSERT INTO `resultado` (`IDActa`, `GolesLocal`, `GolesVisitante`) VALUES
(2, 3, 3),
(3, 0, 2),
(4, 3, 0),
(1, 0, 0),
(5, 2, 0),
(2, 3, 3),
(3, 0, 2),
(4, 3, 0),
(1, 0, 0),
(5, 2, 0),
(2, 3, 3),
(3, 0, 2),
(4, 3, 0),
(1, 0, 0),
(5, 2, 0);

-- --------------------------------------------------------

--
-- Estructura de tabla para la tabla `sedeestadio`
--

CREATE TABLE IF NOT EXISTS `sedeestadio` (
  `NombreEstadio` varchar(20) COLLATE utf8mb4_spanish2_ci NOT NULL,
  `IDDireccion` int(20) NOT NULL,
  KEY `NombreEstadio` (`NombreEstadio`,`IDDireccion`),
  KEY `IDDireccion` (`IDDireccion`),
  KEY `IDDireccion_2` (`IDDireccion`)
) ENGINE=InnoDB DEFAULT CHARSET=utf8mb4 COLLATE=utf8mb4_spanish2_ci;

--
-- Volcado de datos para la tabla `sedeestadio`
--

INSERT INTO `sedeestadio` (`NombreEstadio`, `IDDireccion`) VALUES
('Anoeta', 1),
('Anoeta', 1),
('Anoeta', 1),
('Camp Nou', 3),
('Camp Nou', 3),
('Camp Nou', 3),
('Coliseum ', 5),
('Coliseum ', 5),
('Coliseum ', 5),
('Mestalla', 2),
('Mestalla', 2),
('Mestalla', 2),
('Santiago Bernabéu', 4),
('Santiago Bernabéu', 4),
('Santiago Bernabéu', 4);

-- --------------------------------------------------------

--
-- Estructura de tabla para la tabla `tendenciaapuesta`
--

CREATE TABLE IF NOT EXISTS `tendenciaapuesta` (
  `IDApuesta` int(20) NOT NULL AUTO_INCREMENT,
  `CasaApuestas` varchar(50) CHARACTER SET latin1 COLLATE latin1_spanish_ci NOT NULL,
  `URLCasaApuestas` varchar(500) CHARACTER SET latin1 COLLATE latin1_spanish_ci NOT NULL,
  `IDActa` int(20) NOT NULL,
  `TendenciaApuesta` int(1) NOT NULL,
  `NombreEquipo1` varchar(20) CHARACTER SET utf8mb4 COLLATE utf8mb4_spanish2_ci NOT NULL,
  `NombreEquipo2` varchar(20) CHARACTER SET utf8mb4 COLLATE utf8mb4_spanish2_ci NOT NULL,
  PRIMARY KEY (`IDApuesta`),
  KEY `NombreEquipo1` (`NombreEquipo1`),
  KEY `NombreEquipo2` (`NombreEquipo2`),
  KEY `IDActa` (`IDActa`)
) ENGINE=InnoDB DEFAULT CHARSET=utf8 COLLATE=utf8_spanish2_ci AUTO_INCREMENT=1 ;

-- --------------------------------------------------------

--
-- Estructura de tabla para la tabla `usuario`
--

CREATE TABLE IF NOT EXISTS `usuario` (
  `IDUser` int(5) NOT NULL AUTO_INCREMENT,
  `usuario` varchar(25) CHARACTER SET ucs2 COLLATE ucs2_spanish_ci NOT NULL,
  `contrasena` varchar(100) CHARACTER SET latin1 COLLATE latin1_spanish_ci NOT NULL,
  PRIMARY KEY (`IDUser`)
) ENGINE=InnoDB  DEFAULT CHARSET=utf8 COLLATE=utf8_spanish2_ci AUTO_INCREMENT=2 ;

--
-- Volcado de datos para la tabla `usuario`
--

INSERT INTO `usuario` (`IDUser`, `usuario`, `contrasena`) VALUES
(1, 'root', 'toor');

--
-- Restricciones para tablas volcadas
--

--
-- Filtros para la tabla `acta`
--
ALTER TABLE `acta`
  ADD CONSTRAINT `acta_ibfk_1` FOREIGN KEY (`NombreEstadio`) REFERENCES `estadio` (`NombreEstadio`),
  ADD CONSTRAINT `acta_ibfk_2` FOREIGN KEY (`NombreEquipoLocal`) REFERENCES `equipo` (`NombreEquipo`),
  ADD CONSTRAINT `acta_ibfk_3` FOREIGN KEY (`NombreEquipoVisitante`) REFERENCES `equipo` (`NombreEquipo`),
  ADD CONSTRAINT `acta_ibfk_4` FOREIGN KEY (`NumeroColegiado`) REFERENCES `colegiado` (`NumeroColegiado`);

--
-- Filtros para la tabla `apuestaexperto`
--
ALTER TABLE `apuestaexperto`
  ADD CONSTRAINT `apuestaexperto_ibfk_1` FOREIGN KEY (`IDActa`) REFERENCES `acta` (`IDActa`),
  ADD CONSTRAINT `apuestaexperto_ibfk_2` FOREIGN KEY (`IDExperto`) REFERENCES `experto` (`IDExperto`);

--
-- Filtros para la tabla `direccion`
--
ALTER TABLE `direccion`
  ADD CONSTRAINT `direccion_ibfk_1` FOREIGN KEY (`CodigoPostal`) REFERENCES `población` (`CodigoPostal`);

--
-- Filtros para la tabla `equipo`
--
ALTER TABLE `equipo`
  ADD CONSTRAINT `equipo_ibfk_1` FOREIGN KEY (`NombreEstadio`) REFERENCES `estadio` (`NombreEstadio`);

--
-- Filtros para la tabla `gol`
--
ALTER TABLE `gol`
  ADD CONSTRAINT `gol_ibfk_1` FOREIGN KEY (`IDActa`) REFERENCES `acta` (`IDActa`),
  ADD CONSTRAINT `gol_ibfk_2` FOREIGN KEY (`EquipoGoleador`) REFERENCES `equipo` (`NombreEquipo`);

--
-- Filtros para la tabla `juegaen`
--
ALTER TABLE `juegaen`
  ADD CONSTRAINT `juegaen_ibfk_2` FOREIGN KEY (`NombreEquipo`) REFERENCES `equipo` (`NombreEquipo`),
  ADD CONSTRAINT `juegaen_ibfk_3` FOREIGN KEY (`IDJugador`) REFERENCES `jugador` (`IDJugador`);

--
-- Filtros para la tabla `resultado`
--
ALTER TABLE `resultado`
  ADD CONSTRAINT `resultado_ibfk_1` FOREIGN KEY (`IDActa`) REFERENCES `acta` (`IDActa`);

--
-- Filtros para la tabla `sedeestadio`
--
ALTER TABLE `sedeestadio`
  ADD CONSTRAINT `sedeestadio_ibfk_1` FOREIGN KEY (`NombreEstadio`) REFERENCES `estadio` (`NombreEstadio`);

--
-- Filtros para la tabla `tendenciaapuesta`
--
ALTER TABLE `tendenciaapuesta`
  ADD CONSTRAINT `tendenciaapuesta_ibfk_1` FOREIGN KEY (`IDActa`) REFERENCES `acta` (`IDActa`),
  ADD CONSTRAINT `tendenciaapuesta_ibfk_2` FOREIGN KEY (`NombreEquipo1`) REFERENCES `equipo` (`NombreEquipo`),
  ADD CONSTRAINT `tendenciaapuesta_ibfk_3` FOREIGN KEY (`NombreEquipo2`) REFERENCES `equipo` (`NombreEquipo`);

/*!40101 SET CHARACTER_SET_CLIENT=@OLD_CHARACTER_SET_CLIENT */;
/*!40101 SET CHARACTER_SET_RESULTS=@OLD_CHARACTER_SET_RESULTS */;
/*!40101 SET COLLATION_CONNECTION=@OLD_COLLATION_CONNECTION */;
